source,target
fauzian10_,Bjorkanism4
fauzian10_,Bjorkanism4
fauzian10_,Bjorkanism4
inot_leamer,detikcom
inot_leamer,detikcom
inot_leamer,tvOneNews
inot_leamer,bjorka
kangcilokboy,Bjorkanism4
BudionoLei,DineshGada1973
ox_bjorka,HwanniePromotes
ox_bjorka,BullsPromoter
ox_bjorka,missufe
ox_bjorka,MatonNFT
ox_bjorka,sof1azara03
ox_bjorka,KaungXYz
ox_bjorka,Bang_Garr
ox_bjorka,Ajiihere
ox_bjorka,ranpromoter
ox_bjorka,SirAndyyy
ox_bjorka,Bang_Garr
ox_bjorka,1winPro
ox_bjorka,galaksi
ox_bjorka,sillyhedgehogs
ox_bjorka,Realitymeta
ox_bjorka,KriptoAres_
ox_bjorka,Portgas_D_A_ce
ox_bjorka,prctiu
ox_bjorka,AxelPromotes
ox_bjorka,prctiu
ox_bjorka,auditordigital1
ox_bjorka,sof1azara03
ox_bjorka,1winPro
ox_bjorka,prctiu
ox_bjorka,alqsyy
ox_bjorka,Bang_Garr
ox_bjorka,RVN_RAVENCOIN_
ox_bjorka,resaalfny
ox_bjorka,Staketoown
ox_bjorka,HwanniePromotes
ox_bjorka,prctiu
ox_bjorka,SapereVincent
ox_bjorka,prctiu
ox_bjorka,coodazai
ox_bjorka,sof1azara03
ox_bjorka,PulseGlobalCom
ox_bjorka,CG_Contest
ox_bjorka,Philneeds
ox_bjorka,sweenpi
ox_bjorka,kubieth
ox_bjorka,GalaxiaBuild
ox_bjorka,Bang_Garr
ox_bjorka,GordoHodler
ox_bjorka,HwanniePromotes
ox_bjorka,Tamadogecoin
ox_bjorka,HwanniePromotes
ox_bjorka,Lunc_Trending
ox_bjorka,Crypto_Hawkk
ox_bjorka,PrimexbtItalian
ox_bjorka,CG_Contest
ox_bjorka,Andrew92SG
ox_bjorka,DAoPlaya
ox_bjorka,sweenpi
ox_bjorka,galaksi
ox_bjorka,WhalesMetaverse
ox_bjorka,Bscgemalerts
ox_bjorka,CryptoGemsWorld
ox_bjorka,CryptoAltGems
ox_bjorka,prctiu
ox_bjorka,gem_cmc
ox_bjorka,Gembsc_erc
ox_bjorka,kubieth
ox_bjorka,GalaxiaBuild
ox_bjorka,Bang_Garr
ox_bjorka,RoundtableSpace
ox_bjorka,sof1azara03
ox_bjorka,ShibGerman
ox_bjorka,prctiu
ox_bjorka,galaksi
ox_bjorka,NEWBETATOKEN
ox_bjorka,prctiu
ox_bjorka,kubieth
ox_bjorka,Maymytan
ox_bjorka,putragives
ox_bjorka,prctiu
ox_bjorka,kubieth
ox_bjorka,prctiu
ox_bjorka,kubieth
ox_bjorka,GalaxiaBuild
Fahriza45354922,Bjorkanism4
Fahriza45354922,puanmaharani_ri
Fahriza45354922,Bjorkanism4
mahrezCTP,FahmiAgustian
AnonyAre,Bjorkanism4
doongki_,callmeyosan
jeong_haniyo,gyunim_k
Supri_meXx,CNNIndonesia
Supri_meXx,Hmei7oficial
bjorkanjsm,bjorkanjsm
azizfau61118979,Bjorkanism4
azizfau61118979,Kodeerror0183
BUKEWS,bjorka_ai
smxxmendes,bjorxanism
MariaAlcaff,Siajapul
MariaAlcaff,Siajapul
MariaAlcaff,Y0uDie_RsH
MariaAlcaff,DrEvaChaniago
MariaAlcaff,panglima_z
MariaAlcaff,2022_maul
MariaAlcaff,oejee2lagi
MariaAlcaff,BocorKangSampah
MariaAlcaff,koh_alien
MariaAlcaff,hareypoco
MariaAlcaff,annourcharity
MariaAlcaff,RamliRizal
MariaAlcaff,susipudjiastuti
MariaAlcaff,ReflyHZ
MariaAlcaff,rockygerung_rg
MariaAlcaff,DonAdam68
vivlachoux,bjorka_ai
frndsha,infotwitwor_
frndsha,MuhniiArRazzaq
frndsha,bjorka_ai
racun_skuycek,zoelfick
vincentaprill,rkhieve
tututtitut,aldikitaXwin
tututtitut,Bjorkanism_
tututtitut,Bjorkanism_
onlinehack990,jesayas8
onlinehack990,mohmahfudmd
onlinehack990,kemkominfo
onlinehack990,PlateJohnny
AP_sinaga11,kemkominfo
Bjorka_it,sterawari
Bjorka_it,sterawari
arthurhintz366,luckymetrsr
arthurhintz366,luckymekalamanc
arthurhintz366,smolwonieee
arthurhintz366,karakralk
arthurhintz366,ppnrvtty
arthurhintz366,RoseyHzx
arthurhintz366,MustafaGeguc
arthurhintz366,CharlieJoseph33
arthurhintz366,pickellez
arthurhintz366,winjulybigcityx
arthurhintz366,kimmyasff
NagaBeelian,Bjorkanism_
sdsdkkk,Ikhsanhaw
babymichdiff,bjorkanesian
SyafiqAzhari5,Bjorkanism_
laskarkarbalag1,bjorkanism
laskarkarbalag1,Twitter
laskarkarbalag1,standwithbjorka
laskarkarbalag1,max_icee
bjork4_samboo,missufe
bjork4_samboo,HobbitTWT
FreyaJo225,Bjorkanims
FreyaJo225,Bjorkanism_
irkhammagfuri,Bjorcanism
xppost77,bjorkanesian
Bjorka_Bigwin,gutdem_official
Bjorka_Bigwin,bravepromote
Bjorka_Bigwin,GiveAwayHost
Bjorka_Bigwin,humpbackbone
Fays26,sarjana_crypto
Alfandioaditya1,zoelfick
bjorkanims_,Bjorkanism_
bjorkanims_,jokowi
bjorkanims_,Bjorkanism_
bjorkanims_,Bjorkanism_
bjorkanims_,Bjorkanism_
bjorkanims_,munirsaidthalib
bjorkanims_,Bjorkanism_
bjorkanims_,munirsaidthalib
bjorkanims_,Bjorkanism_
bjorkanims_,Bjorkanism_
bjorkanims_,Bjorkanism_
bjorkanims_,munirsaidthalib
bjorkanims_,Bjorkanism_
bjorkanims_,bjorka
bjorkanims_,Bjorkanism_
_bjorka,ladycryptogem
_bjorka,CaloIndoor
_bjorka,ladycryptogem
_bjorka,AlphaMediaNFT
_bjorka,MoonChicksNFT
_bjorka,omgodsart
_bjorka,_CryptoTrending
_bjorka,binance
_bjorka,cz_binance
_bjorka,BobMemeland
_bjorka,HEXGO_NFT
_bjorka,princesspromos_
_bjorka,CryptoGemsCom
_bjorka,PropChainGlobal
_bjorka,xraykh_
_bjorka,missufe
_bjorka,3zozing
_bjorka,OthmanMiles
_bjorka,abdulaziz_alorf
LesmhUces,Bjorkanism_
Hadzy98710871,Bjorkanism_
FadlanHardians1,Bjorkanism_
indahsuryani,seatodaynews
DannTzy29,iyaadarius
iamblueaddict,bjorkanism
iamblueaddict,bjorkanism
BlackAddictiv3,sociotalker
stonebont,InfoSeriyes
stonebont,PangestiPutri3
stonebont,pandji
stonebont,GunRomli
H4N5vs,Bjorkanism_
Maron12876306,Bjorkanism_
Muhamadamsah2,Bjorkanism_
Muhamadamsah2,bjorka
b4rdex,TheEagle_BEN
TukngsomaymasAA,darktracer_int
TukngsomaymasAA,Bjorkanism_
TukngsomaymasAA,Bjorkanism_
iMz_aL_jAiLaNi,Bjorkanism4
AldiZaelani9,Bjorkanism4
bajuh441,standwithbjorka
donskyy,__inav___
AhyFadel,Bjorkanism_
AhyFadel,bjorkanims_
AhyFadel,Bjorkanism_
AhyFadel,Bjorkanims
AhyFadel,Bjorkanism_
MuhniiArRazzaq,Bjorkanism9
MuhniiArRazzaq,Bjorka_nisme
abdul70486618,KumalKabut
abdul70486618,bjorka
Mardan8888,Bjorkanism_
gatherxb,bjorxanism
kevin69105248,Bjorkazism
kevin69105248,bjorka
al_jendra,BigWininLA
yosep83467968,bjorkanesian01
Bjorkanism9,Bjorkanims
Bjorkanism9,Bjorkanims
Sim241051101,Bjorkanism_
snownggrh,CNNIndonesia
ZaeNuri71131334,Bjorkanism_
standwithbjorka,hermangoranov
standwithbjorka,drack_crow
standwithbjorka,molotovgirl11
standwithbjorka,bony_gary
faded87937200,Bjorka_Bigwin
faded87937200,rogin03
faded87937200,evifath2406
faded87937200,sptmbrbigwin
faded87937200,OjanBigwin
faded87937200,VeriScanAudits
dirafbrn1,cryptoiz_IDN
CUPU_YTTA,Bjorkanism_
kal3aamora,jazeroarion
yolaasimatupang,iffzftyz
TheGoCat_Nft,opensea
TheGoCat_Nft,opensea
TheGoCat_Nft,opensea
TheGoCat_Nft,opensea
TheGoCat_Nft,opensea
hermangoranov,standwithbjorka
apio2022debut,bjorkanesian01
astridjetz666,algojlag17
tyo_prasaji,f4k3_r00t
tyo_prasaji,YourAnonRiots
tyo_prasaji,hacktivistlink
tyo_prasaji,FoursdeathTeam
tyo_prasaji,001aCubanski
tyo_prasaji,RizkyFelixs19
tyo_prasaji,bangSaid__
tyo_prasaji,hipohan
tyo_prasaji,hacktivistlink
dodot_en,sandiuno
Anak_Inchi,Bjorkanism_
VinoAlbiansyah,Bjorkanism_
VinoAlbiansyah,Bjorkanism_
VinoAlbiansyah,Bjorkanism_
a_riff,kang___L
PKTIR1,Bjorkanism_
GinaNuzul,mardigu024
namaitland,sociotalker
riyyyy17,bjorxanlsm
obot91,lightmotive
obot91,angelinadeaid
Thtbkhasim,Thtbkhasim
Thtbkhasim,bjorka
TaufikH13831291,Bjorkanism4
rizardwn,kang___L
FerryKets2,mrdonsmile
frey_njord_son,MsLeicca
frey_njord_son,bjorka__
Ayan23002959,bjorkannism
CYBERINDONESI11,HTapoii
doubleca_,Bjorkanism_
doubleca_,Bjorqanism
kangtod215,bjorka
Yayat70,papa_loren
Yayat70,bjorka
idea873,Oxx_ksmsnsijs
idea873,_bjorka
idea873,wageBigwin_17
idea873,0xmobigwinwinn_
idea873,angene88
idea873,avrilwillow81
idea873,rowsieee_
idea873,0xgloria
idea873,JehuTFT
idea873,raewiin_0xs
idea873,haechaffeine
idea873,bigwin_fi14
idea873,aylaloveyou
idea873,Xiufrozn
idea873,jjjjywvgh_
idea873,strawbrwins
idea873,rosiewinscutiex
idea873,pickawwxx1309
idea873,BangRiyoo
idea873,ANextwin
alib_yo,thetruejoiscabe
alib_yo,pandji
f4k3_r00t,bjorkanism
f4k3_r00t,YourAnonRiots
f4k3_r00t,hacktivistlink
f4k3_r00t,FoursdeathTeam
f4k3_r00t,001aCubanski
teguhbudigojek,Bjorkanism_
blueski_ez,Rikma0
blueski_ez,bjorkanism
PendukungBjorka,Bjorkanism_
bjorkagg,BjorkanismHack
jefry_apraldo,opposite6890
itstaufann,pandji
CucuMbahSaridin,stakehighroller
philip_radar,zoelfick
snihyamitvayi,standwithbjorka
xdrness666,sterawari
kaizirafla,MataNajwa
kaizirafla,twit_logis
kaizirafla,darktracer_int
kaizirafla,bjorka
fiqi3887,bjorkanism___
Abah_Boomer56,CNNIndonesia
Abah_Boomer56,bjorka
Riskiri76852398,bjorkanisme
hacker010374065,Bjorkanism4
hacker010374065,jokowi
Nautika_arc3,bjorkanesian
Nautika_arc3,ronyardiaan
Nautika_arc3,bjorkanesian
Nautika_arc3,bjorxanism
sujarta_jaya,Bjorkanesiaan
sujarta_jaya,Totebag69
justasadboi3,ragezouave
Kurniaw05113658,bjorxanlsm
Kurniaw05113658,bjorkanism___
SiBaelyangbaik,TirtoID
RobbyGabut19,bjorkanesian01
Bjorckaw,sof1azara03
Bjorckaw,ladycryptogem
Bjorckaw,_CryptoTrending
Bjorckaw,binance
Bjorckaw,cz_binance
Bjorckaw,GiveAwayHost
Bjorckaw,FarmeryProtocol
Bjorckaw,sof1azara03
Bjorckaw,gbr_coin
Bjorckaw,cehlos
Bjorckaw,CiervoKng
Bjorckaw,iCiervoKing
Bjorckaw,GiveAwayHost
Bjorckaw,CinderNFT
Bjorckaw,ElainaSaveuc
bellasanndy2,SltyVin
lenny1_rose,kr1t1kp3d45_pro
lenny1_rose,Bjorqanism
lenny1_rose,kr1t1kp3d45_pro
ilyeu_bjorka,0xD0N0
ilyeu_bjorka,RealJGBanks
ilyeu_bjorka,furrincrypto
ilyeu_bjorka,ChauncySmartt
sirandry_78,GunRomli
sirandry_78,bjorka
sirandry_78,YUDHI_Laksana
sirandry_78,bjorka
apaajaterserah1,SuperDspirit
apaajaterserah1,txtdrberseragam
KabirRaffa,Bjorkanism_
WParjiono,bjorkanisme
tatadeen09,darktracer_int
garama_x,bjorka
MSuseno71,bravepromote
sabya1141,mohmahfudmd
Iamready_bjorka,mohmahfudmd
drack_crow,AnonymousPress
drack_crow,YourAnonOne
drack_crow,bjorkanesian
legionsian,puanmaharani_ri
legionsian,puanmaharani_ri
GStvano,bjorka
realayie_17,CNNIndonesia
imWardaddy,SiaranBolaLive
_bagusngr,Inijuju1
iambjorka_,FiersaBesari
Diwanda_deep,YaqutCQoumas
Diwanda_deep,iriawan84
anonbarbby,Twitter
nembakpec3,zoelfick
whoisbjorka,bjorkanism
whoisbjorka,bjorxanism
alpin425,bjorxanesm
alpin425,bjorxanesm
alpin425,Bjorkanism_
bacautas,botaqsableng
Yuunii31944346,Bjorkanism_
CS7ljfFbNCakZRW,Bjorkanism_
infohoream,bjorkanism
infohoream,bjorkanism
infohoream,bjorkanesia
Xylyne3,david_samuelz
Xylyne3,bjorkanesian
Xylyne3,bjorxanism
Xylyne3,bjorkanesian
txtdarifikri,corbuzier
SltyVin,bjorkanesian
bjorka_god,TukangSayvr
bjorka_god,StarOff79264218
bjorka_god,bjorkanismGOD
bjorka_god,iriawan84
bjorka_god,StarOff79264218
bjorka_god,AkmalRi57377963
bjorka_god,StarOff79264218
bjorka_god,MataNajwa
bjorka_god,basuki_btp
bjorka_god,elonmusk
bjorka_god,hidrogensemesta
bjorka_god,bjorkanismGOD
Bas96227321,Bjorkanism_
ApeDigi,elonmusk
ApeDigi,digiapetoken
endo_badru,Bjorkanism_
heraldindo,mohmahfudmd
elizabethlisa76,GratisTerbaik
elizabethlisa76,bjorka
sugaolif,fadlicuy
sugaolif,darktracer_int
AriSaraswati16,WeAreBjorka
care81700,bjorka_god
care81700,liputan6dotcom
JHaduw,hiimseulgi
JHaduw,Askrlfess
JHaduw,syahnazalfa
JHaduw,aan__
JHaduw,1210Pras
JHaduw,Askrlfess
JHaduw,BJ0RXANISM
JHaduw,CNNIndonesia
JHaduw,aryatriandhanu
JHaduw,opposite090l92
JHaduw,MHusen48982241
JHaduw,opposite090l92
MasTry87409949,bjorkanismGOD
RyantEth,Dummmwid
RyantEth,racing_punks
NurlelySiregar,bjorkanism
NurlelySiregar,darktracer_int
NurlelySiregar,bjorxanism
NurlelySiregar,aniesbaswedan
NurlelySiregar,bjorkanesian
NurlelySiregar,MI_24CENTER
NurlelySiregar,bjorkanism
NurlelySiregar,puanmaharani_ri
NurlelySiregar,Dennysiregar7
NurlelySiregar,bjorxanism
NurlelySiregar,titokarnavian_
NurlelySiregar,bjorxanism
NurlelySiregar,bjorkanesian
NurlelySiregar,iriawan84
NurlelySiregar,bjorkanesian
NurlelySiregar,bjorkanism
NurlelySiregar,Dennysiregar7
NurlelySiregar,bjorkanesian
NurlelySiregar,bjorxanism
NurlelySiregar,bjorkanism
NurlelySiregar,darktracer_int
Dummmwid,racing_punks
optibuzzz,bjorkanesian
AinShifra,bjorkanesian
AinShifra,bjorkanism
AinShifra,Dennysiregar7
AinShifra,rusdiandi1
AinShifra,stealhelena
AinShifra,opposite090l92
masyarakatawam0,Bjorkanism4
masyarakatawam0,puanmaharani_ri
masyarakatawam0,Bjorkanism4
Jona83955021,bjorkanesian
figoankers,bjorkanismGOD
figoankers,bjorka
figoankers,bjorka
PanjiFebrian9,bjorkanismGOD
PanjiFebrian9,mohmahfudmd
cabronesmetal,hipohan
cabronesmetal,daviuddin
cabronesmetal,VIVAcoid
LovesMaddiJane1,bjorkanesian
LovesMaddiJane1,bjorkanesian
LovesMaddiJane1,arenzantal0
LovesMaddiJane1,bjorkanesian
LovesMaddiJane1,bjorkanesian
LovesMaddiJane1,bjorkanesian
LovesMaddiJane1,bjorkanesian
BoyNuyul,bjorkanesian
bjorkanesiaa,jokowi
riefb79,bjorkanesian
riefb79,CNNIndonesia
riefb79,bjorkanesian
riefb79,bjorkanesian
exyburn,bjorkanesian
Renss06260294,bjorkanismGOD
Renss06260294,mohmahfudmd
ManusiaIkanDeni,bjorkanesian
Nxosis_,TheEagle_BEN
ulygaol1,Bjorkanism_
harryf1453,bjorkanesian
harryf1453,bjorkanesian
daniele89898989,bjorkanesian
reyhadarmansyah,bjorkanesian
DroidRelon,bjorkanesian
DroidRelon,bjorkanesian
Basilisk_XP,bjorkanismGOD
Basilisk_XP,mohmahfudmd
StarOff79264218,bjorka_god
StarOff79264218,bjorka_god
Jhongledex79,Syamsud37263886
OntaLaut_,Merisshintia01
OntaLaut_,CDisimak
OntaLaut_,bjorkanesian
mariarosari98,bjorkanesian
Rendra_DJR,bjorkanesian
Enny_Hidayati_,bjorkanesian
klausprague,darktracer_int
JonoUstadz,HAIGunawanSE
JonoUstadz,Tan_Mar3M
JonoUstadz,Capunk_Bernyali
JonoUstadz,abu_waras
JonoUstadz,Capunk_Bernyali
JonoUstadz,bjorkanesian
JonoUstadz,papa_loren
sh_bigwin,bjorkanesian
emosibatgue,emosibatgue
yerikho24,bjorkanesian
war_nazz,popeppo
war_nazz,damsaaak
war_nazz,DoYouSeeDee
war_nazz,mohmahfudmd
war_nazz,popeppo
war_nazz,damsaaak
war_nazz,DoYouSeeDee
war_nazz,mohmahfudmd
FloatwayM,bjorka
FloatwayM,bjorxanism
ZeeeOwl,bjorkanisme
Wijcknok,bjorkanesian
Putriziaazzahr4,bjorkanesian
rankmudo5,bjorkanesian
Rifai6603,iriawan84
Rifai6603,iriawan84
mallika2301,bjorkanesian
hadrs_,bjorkanesian
Uchil_hrx,bjorkanesian
joni_jovi,bjorkanesian
joni_jovi,permadiaktivis1
joni_jovi,darktracer_int
joni_jovi,bjorkanesian
Thelast64828617,bjorkanesian
rizabthrashcode,bjorkanesian
fandryrigel87,bjorkanesian
bangyosh11111,bjorkanesian
erlangg10211802,bjorkanesian
galih53667538,bjorkanesian
Setiadji_S,iamibn
Setiadji_S,bjorkanesian
Setiadji_S,mohmahfudmd
AkungDidit,bjorkanismGOD
gumhurahura,bjorkanesian
gumhurahura,mohmahfudmd
jodohseokjinnnn,bjorkanesian
jodohseokjinnnn,bjorkanesian
egaage_,bjorkanesian
R_voltt,kemkominfo
osint_id,bjorkanism
osint_id,bjorxanism
osint_id,bjorkanesian
raskiha,juaeilishh
ninchr,Telkomsel
ninchr,kemkominfo
HTerjal22,bjorkanesian
Yowand2,bjorkanesian
Yowand2,bjorkanesian
firamustdie,bjorkanesian
fajar_ardi7,kemkominfo
xxyr131,bjorkanesian
xxyr131,bjorkanesian
amadramadan91,bjorkanesian
amadramadan91,mohmahfudmd
Sairul08005916,bjorkanesian
dobyeq7,bjorkanesian
Ranto82699787,devatraa
rachocopasto,bjorkanesian
SDiahsastro,bjorkanesian
yumoodrn,satyaoktvn
CreatorSadd,pertamina
CreatorSadd,Twitter
CreatorSadd,telegram
Marchelwkwk,zoelfick
ShareNFT12,GoingApe_io
sriwhynii11,bjorkanismGOD
sriwhynii11,iriawan84
VieHan4,bjorkanesian
devatraa,bjorkanesian
hary717,bjorkanesian
diremonkey69,bjorkanesian
bordeauxnobella,kokid951
bordeauxnobella,racing_punks
hi_mirei,CNNIndonesia
Suwopy,bjorkanesian
Suwopy,bjorkanism
Suwopy,bjorxanism
gamespo16226994,bjorkanismGOD
GusBS,bjorkanesian
GusBS,mohmahfudmd
prasetya_arr,bjorkanesian
whatisurtwiter,bjorkanesian
suhuairdrop,bjorkanismGOD
Louisr80,bjorkanesian
UnusEtVeritas,mdgrkb
UnusEtVeritas,darktracer_int
iwan27james,bjorkanesian
iwan27james,mohmahfudmd
BangKadrun77,bjorkanesian
BangKadrun77,mohmahfudmd
Lap46869904,bjorkanesian
HadistyaLestari,bjorkanesian
Indah82678279,Bjorkanism_
Louis_chantika,bjorkanesian
Louis_chantika,bjorxanism
aufacanteen,ismailfahmi
aufacanteen,mohmahfudmd
Selamar9531,cryptoiz_IDN
kn444mr,bjorkanismGOD
AntonFachrudin,bjorkanismGOD
cathesendra,detikcom
cathesendra,detikcom
cathesendra,detikcom
GodineG5dine,bjorkanesian
Hanifah80101106,bjorkanesian
fauzisahrul34,cryptoiz_IDN
The_SnJc,bjorkanesian
asepsymsr,bjorkanesian
asepsymsr,bjorkanesian
ceprixs,bjorkanismGOD
faridrdoni,bjorxanism
faridrdoni,bjorkanesian
faridrdoni,bjorxanism
faridrdoni,Twitter
faridrdoni,bjorxanism
faridrdoni,luhut_binsar
faridrdoni,corbuzier
faridrdoni,bjorkanesian
faridrdoni,mohmahfudmd
faridrdoni,darktracer_int
faridrdoni,kemkominfo
faridrdoni,BSSN_RI
faridrdoni,CCICPolri
faridrdoni,binofficial_ri
faridrdoni,Aiskindo
faridrdoni,IC4_ID
faridrdoni,mastel_id
faridrdoni,bjorkanism
faridrdoni,bjorxanism
faridrdoni,Bjorkanisms
faridrdoni,bjorkanesian
faridrdoni,bjorxanism
bjorkajokes,bjorkanesian
pluviophilism,bjorxanism
Balieska1,ismailfahmi
Balieska1,mohmahfudmd
ercxxiv,tvOneNews
Thalia67295902,Bjorkanism_
takarul_,CNNIndonesia
Sajida77271251,bjorkanesian
suryamild_,bjorkanismGOD
suryamild_,bjorkanesian
tok_suharto,bjorkanesian
Adnanoo1827,bjorxanism
Adnanoo1827,bjorkanesian
Adnanoo1827,bjork
RatnaKencana4,bjorkanesian
Raflydimas4,geloraco
Raflydimas4,kr1t1kp3d45_pro
SoniUwong,bjorkanesian
SoniUwong,NunutUswatun
SoniUwong,Dennysiregar7
Titolabs_id,bjorkanesian
dafaardnto1,bjorxanism
dafaardnto1,aniesbaswedan
dafaardnto1,bjorxanism
dafaardnto1,ListyoSigitP
dafaardnto1,bjorxanism
dafaardnto1,aniesbaswedan
dafaardnto1,Bjorkanism0
dafaardnto1,bjorxanism
haihaihaalo,bjorxanism
haihaihaalo,bjorkanesian
ZulfaHe29369885,bjorkanesian
ZulfaHe29369885,mohmahfudmd
Vee_Shadow,ndrer
Yansasundawi,bjorkanesian
Azkavino3,bjorkanesian
anon61600132,bjorkanesian
gilnotgeel,leoomord
Frsramdhn_,Frsramdhn_
Frsramdhn_,Frsramdhn_
kamfrred,daejeong095
kamfrred,bjorxanism
kamfrred,bjorxanism
kamfrred,opposite090l92
kamfrred,Opposite6980
MasNandu,bjorkanesian
MasNandu,mohmahfudmd
SaputtraAdii,bjorkanesian
Lidiya6745,cryptoiz_IDN
Lidiya6745,Sania465
Lidiya6745,bjorxanism
dobles76657340,bjorkanismGOD
AgusSanjaya2022,bjorkanesian
AgusSanjaya2022,mohmahfudmd
AgusSanjaya2022,bjorkanismGOD
ans_projeck,cryptoiz_IDN
ans_projeck,cryptoiz_IDN
asenkkk7607,YourAnonNews
AonaranPsychic,pn7l7h
Didit99100,bjorkanesian
De_ef1712,bjorkanesian
Chmprle29,Bjorkazism
Chmprle29,bjorka
adhan1996,bjorkanismGOD
adhan1996,bjorka
yedidakaren_,AndyHuskyyy
yedidakaren_,txtdrpemerintah
Putra41717412,bjorkanesian
razalegh7,bjorkanism
NBardik,bjorkanesian
harismse,bjorkanesian
harismse,bjorkanesian
benaradil,bjorkanesian
benaradil,iriawan84
Bjorcanism,telegram
Bjorcanism,Twitter
Bjorcanism,tni_ad
Bjorcanism,tni_ad
MeildanWiguna,Bjorkanism4
MeildanWiguna,puanmaharani_ri
NyimakObrolan,bjorkanesian
GatsbyDGreatest,eugenegenu1ne
GatsbyDGreatest,eugenegenu1ne
Thisisnaims_,bjorxanism
Thisisnaims_,bjorkanism
Thisisnaims_,erickthohir
Thisisnaims_,bjorkanesian
Thisisnaims_,iriawan84
Thisisnaims_,bjorxanism
Thisisnaims_,bjorkanism
Thisisnaims_,Twitter
Akusiap50582145,bjorkanesian
bstnarmstrong,CNNIndonesia
AsyuraBachmid,bjorkanism
AsyuraBachmid,Twitter
AsyuraBachmid,bjorkanism
AsyuraBachmid,bjorkanesian
usertari,bjorkanesian
LoveOfSpeechz,mohmahfudmd
LoveOfSpeechz,Bjorqanism
KiiJotaro,CNNIndonesia
KiiJotaro,bjorka
vheuel,bjorxanism
vheuel,aniesbaswedan
vheuel,Rikma0
vheuel,bjorxanism
vheuel,ListyoSigitP
vheuel,bjorkanesian
IRWANLALU1,bjorkanesian
adityafumaroy,bjorkanesian
adityafumaroy,bjorkanism
adityafumaroy,Dennysiregar7
bjorka__,FOOD_FESS
fachrydnz,gamdom
fachrydnz,PutrieDanz
fachrydnz,TrustWallet
fachrydnz,daftar_viral
ZoelHelmiLubis1,godbjorka
ZoelHelmiLubis1,bjorkanesian
ViktorIwan,netflix
ViktorIwan,NetflixID
nzkff_,bjorkanesian
dadic2,mohmahfudmd
dadic2,CNNIndonesia
blackjack346,NgesthiR
blackjack346,bjorkanesian
blackjack346,mohmahfudmd
blackjack346,tni_ad
setiawan_an2,Bjorkanism_
JohanArdian20,Bjorkanism0
JohanArdian20,bjorxanism
ilhamzolla3,Bjorkanism_
idontknowwwww92,bjorkanismGOD
Jungkee_90,bjorkanesian
Jungkee_90,bjorxanism
talisaa77,bjorkanism
talisaa77,blackjack346
talisaa77,bjorkanesian
talisaa77,mohmahfudmd
ListyKu,bjorkanesian
arsvm_,jakabob2505
arsvm_,darktracer_int
Destroyer_1100,allvahn
BBravo911,bjorkanesian
BBravo911,iriawan84
kuy_bangg,bjorkanesian
sebelum_masehi,prakashdivyy
senjamudisini,bjorkanesian
senjamudisini,bjorxanism
tanmichaelkya,batiplok
amfas2020,bjorkanism
amfas2020,machbeach
amfas2020,bjorkanesian
cahya_sunaryo,bjorkanismGOD
shicibukai77,bjorkanesian
Fix_yuu,bjorkanesian
uv_firbilland,bjorkanesian
uv_firbilland,IwidSoeryo
uv_firbilland,mohmahfudmd
sashymymahal,bjorkanesian
Hudakeyy,bjorkanesian
Hudakeyy,mohmahfudmd
frenky_id,bjorkanesian
frenky_id,mohmahfudmd
frenky_id,Cristiano
Niki_Juma,bjorkanesian
Niki_Juma,Bjorcanism
Niki_Juma,telegram
Niki_Juma,Twitter
Niki_Juma,Twitter
bjorkaisme,bjorkanism
bjorkaisme,bjorxanism
pedas_cemilan,bjorkanism
pedas_cemilan,PDI_Perjuangan
pedas_cemilan,YoganJoy
pedas_cemilan,bjorkanesian
pedas_cemilan,salicylum
pedas_cemilan,bjorkanesian
pedas_cemilan,bjorkanesian
pedas_cemilan,bjorkanism
pedas_cemilan,bjorkanesian
pedas_cemilan,iriawan84
pedas_cemilan,egoism666
pedas_cemilan,bjorkanism
pedas_cemilan,Dennysiregar7
kitesa002,SuccuCirno
kitesa002,JustNepping
tomabekz,YouTube
tomabekz,YouTube
tomabekz,YouTube
tomabekz,CGC_TOURNAMENT
tomabekz,YouTube
tomabekz,YouTube
tomabekz,CGC_TOURNAMENT
tomabekz,YouTube
PattowPattow5,rizkymaaul
PattowPattow5,Afat3K
PattowPattow5,bjorka
TukangSayvr,Dealovaaaaaaaa
RudiNurudien,mardigu024
Minmy74,bjorkanesian
farelaliakbar11,bjorkanesian
farelaliakbar11,bjorkanesian
MizuShinyu,bjorkanism
AmekBarli,Bjorkanism0
DebonairPizza,bjorkanism
DebonairPizza,bjorkanesian
r_riberu,ainunnajib
Aisyah56206086,bjorkanesian
Aisyah56206086,iriawan84
SimAbdi77,RagilSemar
chicharestu,angelinadeaid
KessekLubis,zoelfick
KessekLubis,CNNIndonesia
Halloweenhhsbb,bjorkanesian
Cashzaa,bjorkanesian
hey_damar,darktracer_int
harrywtsa,bjorxanism
harrywtsa,bjorkanism
harrywtsa,Twitter
harrywtsa,bjorkanism
harrywtsa,bjorkanesian
harrywtsa,bjorkanism
harrywtsa,bjorkanism
harrywtsa,Dennysiregar7
RadityaCikal,bjorkanismGOD
kelautengineer,angelinadeaid
kelautengineer,Grammarly
bllikin,bjorkanesian
ndzfdih,iriawan84
panduahbar,bjorkanism
panduahbar,bjorkanesian
bejyorski,bjorkanesian
bejyorski,bjorkanesian
xyrzaa24,bjorka
Edelwaiss7,geloraco
Abuxzyy,bjorkanesian
troyesivan354,bjorkanesian
anudek,bjorxanism
anudek,aniesbaswedan
anudek,bjorxanism
anudek,zoelfick
anudek,darktracer_int
anudek,bjorxanism
anudek,Twitter
anudek,bjorkanism
anudek,SPangerapan
Adhitya018,bjorkanismGOD
eRS_AREMA021,bjorkanism
SinggihSuryaW,txtdrpemerintah
abd_ghofiqi,Bjorkanism_
abd_ghofiqi,bjorkanesian
tikaaryani647,bjorkanismGOD
TheBjorka,bjorkanismGOD
derryjosepina,bjorka
tomodachi0y,bjorkanesian
BersamaBersuara,bjorkanesian
walakumlana,bjorxanism
walakumlana,bjorxanism
walakumlana,bjorkanesian
KamilaZared,bjorkanismGOD
bawahankobosama,bjorkanesian
KunTenk00,Bjorkanism_
QSunter,hariankompas
realmolotovfc,bagastama27
realmolotovfc,angzzzzzzy
realmolotovfc,liquidrocx
realmolotovfc,plimplom
realmolotovfc,putra_sosrobahu
realmolotovfc,zoelfick
Zorro03326934,CNNIndonesia
NewDowo,bjorkanismGOD
Riepspayer,angelinadeaid
indoshopxah,bjorkanismGOD
indoshopxah,bjorkanismGOD
Dindaputput_,txtdrpemerintah
Dindaputput_,MahendraDestaPN
Dindaputput_,Dennysiregar7
Dindaputput_,opposite090l92
yudha_hen007,ForRezim
SyamilTabligh,bjorkanismGOD
1NCREDIBILIS,pprxteam
1NCREDIBILIS,eggs_benkai
srintilkebo,bjorxanism
srintilkebo,bjorkanism
srintilkebo,maboys56
srintilkebo,Dennysiregar7
srintilkebo,bjorkanism
srintilkebo,bjorxanism
rbysssxxx,bjorkanismGOD
yahsinyak,Afat3K
yahsinyak,yasya_indra
ulrompies,Bjorkanism_1
b110nism,bjorkanismGOD
DhaluMeru,Bjorkanism_1
IbnoeAhmad4,bjorkanesm
IbnoeAhmad4,Rezamorset1
ibnu_AbdulManan,MataNajwa
emma_mbemz,darktracer_int
MRevan40492464,Bjorkanism_
moccacinnos,YourAnonNews
diex99999,sterawari
Siapaya_gf,bjorkanismGOD
dscrtax,bjorkasinm
dscrtax,Siji21464017
dscrtax,bjorka
Reda04045678,bjorkanism
SweetLust77,tiduritusulit
SweetLust77,amorteniava
SweetLust77,fadildelon_
SweetLust77,yaudahsihyan
SweetLust77,wasanimpostorrr
SweetLust77,yonfassa
SweetLust77,darktracer_int
Novikhr_,bjorkanismGOD
amorteniava,fadildelon_
amorteniava,tiduritusulit
amorteniava,yaudahsihyan
amorteniava,wasanimpostorrr
amorteniava,yonfassa
amorteniava,darktracer_int
DudunZizou,bjorxanism
DudunZizou,PlateJohnny
DudunZizou,standwithbjorka
DudunZizou,bjorkanism
DudunZizou,bjorxanism
DudunZizou,Bjorcanism
DudunZizou,Bjorcanism
DudunZizou,telegram
DudunZizou,Twitter
DudunZizou,bjorxanism
DudunZizou,Twitter
DudunZizou,monkeypoxindo
DudunZizou,Bjorcanism
DudunZizou,telegram
DudunZizou,Twitter
DudunZizou,z17610426
DudunZizou,Bjorcanism
DudunZizou,telegra
DudunZizou,Twitter
Edpoernomo,whoisbjorka
Edpoernomo,bjorkanism
Edpoernomo,bjorxanism
fadildelon_,amorteniava
fadildelon_,tiduritusulit
fadildelon_,yaudahsihyan
fadildelon_,wasanimpostorrr
fadildelon_,yonfassa
fadildelon_,darktracer_int
ExtraBigwin,MrJenus
dalilalfareza,Bjorkanism_
Peter_griff1n,yedidakaren_
showm4ker_,anudek
showm4ker_,darktracer_int
NeoRenno,bjorka
GrimRea80967578,Siji21464017
GrimRea80967578,bjorka
hayuk_seblak,haipep
Not2Saffy,LadPsycho
serverrnot404,bjorkanismGOD
DanielDaKuSai,bjorka
mrdonsmile,FerryKets2
xbox360avatar,MIzharMurti
asriady_ff,bjorxanesm
MODETECH6,bjorkanismGOD
KumalKabut,13012K4
KumalKabut,bjorka
KumalKabut,BucinJungkookx
KumalKabut,bjorka
KumalKabut,asmansaid
KumalKabut,bjorka
KumalKabut,Kkkk26406755
KumalKabut,bjorka
junipersthorn,stomachproblemz
andimitsu,ChusnulCh__
KalibrasiotaQ,nhseptiyana
octalq23,CNNIndonesia
octalq23,bjorkanism
BadBoyLostCntrl,HatmerH
Donisap73851414,bjorkanismGOD
light_star19,darktracer_int
AldyBgsSptra,godbjorka
Xaynic1,bjorkanismGOD
teeweeeeeee,bjorka
yonfassa,darktracer_int
yonfassa,bjorkanism
yonfassa,bjorxanism
yonfassa,titokarnavian_
yonfassa,Mencaricinta99
PP52226936,ulam_yot
PP52226936,curtlucio7
PP52226936,ismailfahmi
PP52226936,bjorka_midgxt
PP52226936,nak_kampueng
PP52226936,kiyauhalusmama
PP52226936,id_beritaupdate
PP52226936,Silvy_2021
PP52226936,bjorxanism
PP52226936,aniesbaswedan
PP52226936,NitaAdjoh
maksumfathoni,bjorkanismGOD
maksumfathoni,Alpandjul
rafaelmarvinn,BjorkaNcs
Hillarylagi,wanchenwanchen1
vllyn200198,Bjorkanism_
KevinDwiArdian1,bjorkanismGOD
orlandoofficia8,bjorkanismGOD
GalihWahyuP26,Twitter
FarhanLuthfan,YouTube
FarhanLuthfan,YouTube
sofyandjamalpu3,BatakHakim
sofyandjamalpu3,invisible_bjk
nw56902,bjorkanismGOD
ElmitaHarahap,bjorkanism
HobbyClasik,bjorxanesm
candranww,1932Son
candranww,bjorka
IchankSuroto,livyyrenata
arrossy_putra,bjorkanismGOD
xmshkw,bjorka
Wahyu_xHunter,_selebtwiter
Wahyu_xHunter,AndiniZ16817618
dennyafriliadi,Bjorkanism_
BagoesHandoyo,bjorkanismGOD
Apkmodterbaru,KumalKabut
Apkmodterbaru,bjorka
irvandytan,hde104
irvandytan,tvOneNews
irvandytan,bjorkanism
incunaadam,HabisNontonFilm
faturR97816070,wanchenwanchen1
Andiitaker,OHMYV3NUS
SiContol2,bjorka_midgxt
SiContol2,bjorka_midgxt
5ncmn,hafizhfarnd
setrasariputraa,supabase
Ach888i,MataNajwa
Ach888i,MataNajwa
MondoringinFan1,bjorkanisme
MondoringinFan1,Twitter
rad420twit,bjorka
elprofessor2an,diki_angger
AbdulKh80726527,bjorxanism
AbdulKh80726527,luhut_binsar
AbdulKh80726527,cimolllsss
AbdulKh80726527,KumalKabut
AbdulKh80726527,bjorka
banpanj,rfxcll
banpanj,hac3rbyz090
banpanj,darktracer_int
deasyfitria21,bjorkanisme
yosepflow,bjorka
natc0tine,xxtravert
sshandy54,farhanhanz__
sshandy54,rafliprnt14
sshandy54,BACOTANNETIZE20
sshandy54,mochkyvanspeijk
sshandy54,KumalKabut
sshandy54,bjorka
Netijen_2024,bjorxanism
_andrianrs,KumalKabut
_andrianrs,rafliprnt14
_andrianrs,bjorka
AbrarAlfarabi,Bjorkanism_
Adelalan07,KumalKabut
Adelalan07,bjorka
DorenSisca,xxtravert
Siji21464017,bjorka
aryokowicaksono,racheltjhia
SatriaP39660582,wanchenwanchen1
FJR_Hidayatulah,pandamnic
FJR_Hidayatulah,KumalKabut
FJR_Hidayatulah,bjorka
dwizidane7,teamsecret
dwizidane7,Resolut1on
gstar171,bjorlarism
gstar171,bjorlarism
StephenTanuwija,Cintada16
bugiscek,bugiscek
bugiscek,invisible_bjk
bugiscek,invisible_bjk
bugiscek,bjorka
bugiscek,invisible_bjk
SyabanaDaffa,Xylyne3
SyabanaDaffa,bjorxanism
Ode84,SantorinisSun
Ode84,musniumar
SweetestPie,hacktivistlink
SweetestPie,bjorkanism
SweetestPie,shosorrylove
SweetestPie,mazzini_gsp
SweetestPie,sqntuy
nannisyaaa,zheeexx
nannisyaaa,dejalasardo24
nannisyaaa,bemytokyo
nannisyaaa,KumalKabut
nannisyaaa,bjorka
hde104,DokterTifa
hde104,bjorkanism
hde104,erickthohir
hde104,yakushijie
hde104,riyachmadd
hde104,cloverhomestay
hde104,tvOneNews
hde104,bjorkanism
hde104,CNNIndonesia
hde104,frndsha
hde104,tvOneNews
hde104,bjorkanism
hde104,riyachmadd
hde104,cloverhomestay
hde104,tvOneNews
hde104,bjorkanism
hde104,frndsha
hde104,tvOneNews
hde104,bjorkanism
hde104,sikodoksakit
hde104,anakodok2009
hde104,GelapPuisi
hde104,N66_SixtySix
hde104,tvOneNews
hde104,sikodoksakit
hde104,anakodok2009
hde104,GelapPuisi
hde104,N66_SixtySix
hde104,tvOneNews
hde104,yakushijie
hde104,riyachmadd
hde104,cloverhomestay
hde104,tvOneNews
hde104,bjorkanism
hde104,Dennysiregar7
hde104,arya9095
hde104,CNNIndonesia
hde104,bjorkanism
TheLast007,_theguzel
TheLast007,bjorkanism
TheLast007,Mr_cosanostra
TheLast007,Bjorqanism
Bismarck360,Vika_Gabriel1
ihsankamill,ParasHQ
Opiewoodsen165,darktracer_int
Opiewoodsen165,putrijahad
Opiewoodsen165,bjorxanism
apaajalahwkwk,catchmeupid
isggwp,tvOneNews
ssydacid,bllovees
rianmilan52,Bjorkanism_
koestwanto2,bjorka
jesterlynxx,margrietje666
jesterlynxx,elonmusk
Faaizin_GP_97,abyan_ap
Faaizin_GP_97,Gloter10
Faaizin_GP_97,CSupranot
operaoblivia_,RealMMyers78
sultana14095701,bjorkanesm
AlfarisBrs,bjorkanesm
AlfarisBrs,bjorka
pwicaersi,bjorkanesm
FargasFarz,catchmeupid
Mijzamfauzi,bjorkanesm
ItWicak,MprAldo
POsihen,navier3211
POsihen,darktracer_int
dwisurya347WIN,reflideschania6
GilangR05416362,bjorkanesm
widodoadiwd,bjorkanesm
FarglaZ666,bjorkanesm
KaharAl2,bjorkanismGOD
KaharAl2,ListyoSigitP
faldigp,bjorkanesm
faldigp,bjork
faldigp,bjorkanism
faldigp,bjorxanism
faldigp,kemkominfo
faldigp,jokowi
basukane,tvOneNews
angga038,godbjorka
TricahyoHbrynt,heysyamsiii
emil_atara,Silvy_2021
emil_atara,bjorxanism
emil_atara,aniesbaswedan
joane_mills,CNNIndonesia
joane_mills,_ekokuntadhi
joane_mills,pandji
MichaelRodion,opensea
MichaelRodion,opensea
MichaelRodion,opensea
Cyberanarky88,godbjorka
Xyone93011308,godbjorka
Longlostkiddo,convomfs
jindc6,bjorkanism
TungsTweets,LadPsycho
Cikawung_kgn58,bjorkanesm
syahkuan,Bjorkanism_
Windiatika19,bjorxanism
wgbudiarto,catchmeupid
LadPsycho,crazyrichchlnk
wonkyto_gallo,OposisiCerdas
wonkyto_gallo,NyiMasRuminah
wonkyto_gallo,M45Broo_
wonkyto_gallo,Pelangi_PS
wonkyto_gallo,M45Broo_
wonkyto_gallo,KanseulirBackUp
DonB_MoonTarget,bjorxanism
Fachabon,bjorkanesm
Fachabon,bjorxanism
jokjisung,darktracer_int
VL10D,darktracer_int
younghooneys,bjorxanism
Halfdemoniac,bjorxanism
Halfdemoniac,bjorxanism
Halfdemoniac,ilav_viu
Halfdemoniac,bjorxanism
Halfdemoniac,bjorxanism
moonriver875,bjorxanism
FebriAy65281467,bjorxanism
passhotjaksel,bjorka__
xxtravert,RizkyDS_
navier3211,bjorkanism
navier3211,darktracer_int
navier3211,darktracer_int
SHBcrypto,Bjorkaniis
SHBcrypto,Bjorkaniis
Alkautsar_24,bjorxanism
rio9921,bjorxanism
ErikCahh,bjorxanism
ErikCahh,Twitter
ToTHED1,bjorxanism
ToTHED1,ListyoSigitP
Kimchipapaya1,bjorxanism
Kimchipapaya1,ListyoSigitP
naapenaa,MI_24CENTER
naapenaa,bjorxanism
naapenaa,aniesbaswedan
naapenaa,bjorkanism
naapenaa,Dennysiregar7
rato_surobat,bjorxanism
GendisAira1,bjorxanism
GendisAira1,darktracer_int
tiang_alid,bjorxanism
tiang_alid,bjorkanesm
tiang_alid,bjorxanism
yuesefa,NurlelySiregar
yuesefa,bjorxanism
yuesefa,aniesbaswedan
yuesefa,NurlelySiregar
yuesefa,bjorxanism
yuesefa,titokarnavian_
DeniKur29735777,bjorxanism
Thefuck77231457,bjorxanism
Thefuck77231457,aniesbaswedan
earvinmo,asumsico
DegaDeg16789152,bjorxanism
onepieceaddictt,bjorxanism
onepieceaddictt,darktracer_int
happyever231,bjorxanism
margrietje666,bjorxanism
margrietje666,darktracer_int
RidNgemil,darktracer_int
d_wisanggeni,darktracer_int
d_wisanggeni,Louishur
prakosha,bjorxanism
prakosha,titokarnavian_
afianditomuda,bjorxanism
Idanmen2,bjorxanism
Idanmen2,bjorxanism
saginica,bjorxanism
RigiiYgy,bjorkanismGOD
ardiansyahpulai,bjorkanism
Adisptwn15,bjorkanismGOD
freakyboy17_,bjorxanism
freakyboy17_,Twitter
NNezumi23,bjorxanism
ArgaP58471873,bjorkanismGOD
Son_of_a_peace,hde104
Son_of_a_peace,tvOneNews
Son_of_a_peace,bjorkanism
FabrizioOriGuys,darktracer_int
cruellyaa,semieita505
cruellyaa,Naaaaara_
ImamRoy15,bjorxanism
tehkidlaroi,darktracer_int
dirrevh,bitxt
GamerFaiq,cloverhomestay
GamerFaiq,hde104
GamerFaiq,tvOneNews
GamerFaiq,bjorkanism
GamerFaiq,bjorkanesm
Penjelajahinte5,bjorxanism
Penjelajahinte5,titokarnavian_
JollyPally,bjorxanism
JollyPally,bjorxanism
KrowakMin,bjorkanesm
FahmiAlfaRizqi,NurlelySiregar
FahmiAlfaRizqi,bjorxanism
FahmiAlfaRizqi,titokarnavian_
CasperDani1,bjorxanism
CasperDani1,bjorxanism
thisissohurt,bjorxanism
KhanAdjab,bjorxanism
kimamugo,bjorkanesm
Warga_wkwkland,bjorxanism
signorapodcast,bjorka
yuntaka__,bjorxanism
MutantMonsGirl,bjorkanism
Sellaw995,NurlelySiregar
Sellaw995,bjorxanism
Sellaw995,titokarnavian_
tampakgeram,bjorxanism
nldaanwr,bjorxanism
nldaanwr,Twitter
nldaanwr,bjorkanism
nldaanwr,Dennysiregar7
nldaanwr,bjorkanism
nldaanwr,bjorkanesm
nldaanwr,bjorxanism
_Michiii12_,rakkina_hito
_Michiii12_,Bjorkanisms
Yantojaya999,bjorxanism
bleaknblack,bjorxanism
bleaknblack,ListyoSigitP
Joeywlld,bjorxanism
Bernafas_Lega,wanchenwanchen1
Mighty_Momi,bjorxanism
OkaGede3,bjorxanism
twitofz,bjorxanism
Fikrikucy97,PartaiSocmed
Fikrikucy97,bjorxanism
haiidms,bjorxanism
Abeealifaqila31,bjorxanism
Abeealifaqila31,bjorxanism
Abeealifaqila31,DamarMa34704854
Abeealifaqila31,bjorxanism
Abeealifaqila31,titokarnavian_
siddiq36954066,bjorxanism
siddiq36954066,bjorkanism
siddiq36954066,Dennysiregar7
faqihflyer,bjorkanesm
faqihflyer,bjorxanism
faqihflyer,bjorxanism
howluckimelda,bjorxanism
howluckimelda,xxtravert
kakak_ua,ringgoagus
itz_Miragg,bjorkanisme
itz_Miragg,CNNIndonesia
itz_Miragg,bjorkanisme
JustAFreeStyle,KumalKabut
JustAFreeStyle,bjorka
Deerusart,bjorxanism
Deerusart,Twitter
Deerusart,bjorxanism
CecepLagi,bjorxanism
CecepLagi,aksioma02
CecepLagi,titokarnavian_
sagita84738611,bjorxanism
yosaindras,ko2w
whosaywhatlol,bjorxanism
DrBeast57867264,bjorkanesm
GamingMarenda,Bjorqanism
Nfl_Az27,tonokun_jakarta
Nfl_Az27,bjorxanism
Nfl_Az27,aniesbaswedan
Nfl_Az27,DJ_Nova8
Nfl_Az27,bjorxanism
Nfl_Az27,aniesbaswedan
nandaishere,bjorxanism
nandaishere,PlateJohnny
Elon___Mosque,bjorkanism
Elon___Mosque,Twitter
Elon___Mosque,Twitter
Elon___Mosque,bjorxanism
FirlyRamsey,bjorkanism
FirlyRamsey,bjorxanism
deny_vazquez,bjorxanism
kerasukandogma,bjorxanism
kerasukandogma,bjorkanism
alennyctt,tvOneNews
cappyhoding,kemkominfo
a_Fakk77,bjorxanism
al41823815,bjorxanism
qdewangga_,bjorxanism
qdewangga_,titokarnavian_
ayangbolafact,bjorxanism
ayangbolafact,ListyoSigitP
minsungvin,catchmeupid
MeghanMuhammad,bjorxanism
MaulanaAndinaMH,tvOneNews
Ayamyaayampopla,bjorxanism
Ayamyaayampopla,Twitter
LionmeCc,Bjorqanism
RizalulSaufi,nam_paty
RizalulSaufi,bjorxanism
essecafein,suzvyajuzouu
JOJOTAN49774623,bjorkanesm
JOJOTAN49774623,bjorkanesm
cris_ciccone,bjorkanesm
pickerHateMe,CryptoGemsCom
pickerHateMe,CRYPTOFIED1
pickerHateMe,CRYPTOFIED1
pickerHateMe,sof1azara03
pickerHateMe,BTCEX_exchange
pickerHateMe,Bang_Garr
pickerHateMe,BobMemeland
pickerHateMe,hiRavenCrypto
pickerHateMe,PropChainGlobal
pickerHateMe,CryptoGemsCom
pickerHateMe,PropChainGlobal
pickerHateMe,GiveAwayHost
AgasJuventini,bjorxanism
AgasJuventini,bjorkanism
AgasJuventini,Twitter
rotikan_a,detikcom
rotikan_a,tvOneNews
rotikan_a,tvOneNews
rotikan_a,manzikert_svs
stegiboi,bjorxanism
SushiroG,Dennysiregar7
aprabowoadi,bjorkanesm
kindblessed2,bjorkaisnm
winmeta_0,bjorxanism
kamel_rosidah,bjorxanism
kamel_rosidah,bjorkanism
kamel_rosidah,puanmaharani_ri
wanebot,bjorxanism
wanebot,aniesbaswedan
ArdiLaksono7,ditamoechtar_
criskingdom,elajipaj
jokowi085228,BroadcastBola
Mandacukerckc,bjorxanism
annahayaf,bjorxanism
heevuh,Bjorqanism
13ndteloo_,bjorxanism
Kurniant20Fajar,bjorxanism
Hendrik66752917,bjorxanism
Hendrik66752917,titokarnavian_
Abenx832,putrijahad
Abenx832,bjorxanism
joezenzie,bjorkanism
joezenzie,bjorxanism
PanjiP08,bjorxanism
OnitnitYunita,detikcom
MADAMOlSELLE,bjorxanism
RickySa75740039,Bjorqanism
RickySa75740039,bjorxanism
Morbiusexhaust,bjorxanism
Morbiusexhaust,Twitter
Morbiusexhaust,bjorxanism
Morbiusexhaust,Twitter
raxnull,bjorxanism
ghiftama,bjorxanism
ghiftama,bjorxanism
ghiftama,bjorxanism
rzfikar,bjorxanism
rzfikar,PlateJohnny
Riley_MDS,bjorkanism
Riley_MDS,egoism666
altercutoff,bjorkanism
altercutoff,bjorxanism
nqHanie,anasyaaa12
nqHanie,bjorxanism
nqHanie,titokarnavian_
deSEPTYcon,YourAnonCentral
maqrquis,haipep
primabaresta,bjorxanism
ndarac,bjorkanism
ndarac,Twitter
lannn199,bjorxanism
pprnczzz,bjorxanism
keyabananwa,bjorxanism
keyabananwa,titokarnavian_
mbokne_arek2,bjorxanism
mhdkausar_,bjorxanism
LongJhon8989,bjorxanism
Fhyggezbbjko,bjorxanism
DinoTrismi,bjorxanism
dilangitygbiruy,bjorxanism
UNajib4,bjorxanism
UNajib4,titokarnavian_
adipati313,bjorxanism
Eboy21611094,Bjorqanism
anindeeyaa,bjorxanism
farhanfar13,bjorkanism
farhanfar13,bjorxanism
AllhailHitlerr,bjorxanism
OxRafy,bjorxanism
OxRafy,titokarnavian_
sweeticemillk,bjorxanism
sweeticemillk,titokarnavian_
strmshdws,bjorxanism
Jackdanilo10,bjorxanism
Jackdanilo10,ListyoSigitP
YuraOfficial4,bjorxanism
YuraOfficial4,titokarnavian_
Haspi38196773,bjorxanism
Haspi38196773,titokarnavian_
SorinaCristudo1,itisDW
mydayeajae,bjorxanism
mydayeajae,Twitter
mydayeajae,KumalKabut
mydayeajae,bjorka
mydayeajae,jesayas8
dziniyah,bjorxanism
dziniyah,invisible_bjk
Zulham65099652,bjorxanism
Zulham65099652,Twitter
Aryanis17917,_gagabebe
Aryanis17917,oxbjorka
Aryanis17917,bjorxanism
GamingzNano,Bjorqanism
whispr27,gabund__
whispr27,byuldalbit
RidwanAkmaludd1,bjorxanism
withPalestine_,FBI
withPalestine_,bjorxanism
withPalestine_,bjorxanism
KuatNurrohman,bjorxanism
realmeindor,invisible_bjk
rajat87533440,bjorxanism
rajat87533440,bjorxanism
rajat87533440,bjorkanesm
tecis_studio,bjorxanism
tecis_studio,Twitter
barriedg,bjork
nurannisa270202,bjorxanism
nurannisa270202,Twitter
TasyaAkhsanil,bjorxanism
TasyaAkhsanil,bjorxanism
TasyaAkhsanil,PlateJohnny
TasyaAkhsanil,bjorxanism
TasyaAkhsanil,Twitter
jalansendiriaja,bjorkanesm
botsukakuli,bjorxanism
botsukakuli,ListyoSigitP
botsukakuli,nessiejudge
RTambunan11,bjorxanism
HaloAku19,bjorxanism
h48ilihsan,bnuratmaja
h48ilihsan,L_MarshaJKT48
maboys56,bjorxanism
maboys56,ListyoSigitP
maboys56,bjorxanism
maboys56,bjorxanism
maboys56,PlateJohnny
maboys56,bjorxanism
onebest_,bjorxanism
opposite6892,bjorkanesm
opposite6892,bjorxanism
FikriFakhrudi15,bjorxanism
FikriFakhrudi15,luhut_binsar
Badp_15,bjorxanism
sitopeq,bjorxanism
sitopeq,luhut_binsar
sitopeq,bjorxanism
Ega6666,bjorxanism
ehhcocot,bjorxanism
ehhcocot,luhut_binsar
HafidGazaG_79,bjorxanism
PedjoeangSubuh,bjorxanism
PedjoeangSubuh,bjorxanism
2351cinemascope,bjorxanism
2351cinemascope,PlateJohnny
northlightvian,bjorxanism
ronggoo_,bjorkanesm
wulan88057394,bjorkanesm
wulan88057394,Dennysiregar7
wulan88057394,tvOneNews
mebeatriders,darktracer_int
mebeatriders,bjorxanism
mebeatriders,PlateJohnny
RizkyVergios,bjorxanism
RizkyVergios,ListyoSigitP
AbidinM12,bjorxanism
Ricky_MpV99,bjorxanism
Ricky_MpV99,ListyoSigitP
gotfrietd_o,Bjorqanism
LELANANINGJAGAD,bjorkanesm
LELANANINGJAGAD,bjorxanism
Siswateladan16,bjorxanism
Siswateladan16,bjorxanism
MIqbalfachrie1,Bjorkanism_Hack
MIqbalfachrie1,bjorkanism
SukaOverthinki3,bjorkanesm
SukaOverthinki3,bjorxanism
twitjust_van,YouTube
xt_2113,bjorxanism
1990Husnul,bjorxanism
agung_stapencau,bjorxanism
agung_stapencau,ListyoSigitP
eaminmo,bjorxanism
surjarwo,bjorxanism
surjarwo,bjorkanism
qtlsd21,bayuapriansya96
ManzAlfaqir,bjorxanism
ManzAlfaqir,ListyoSigitP
l_Mahsyat,bjorxanism
l_Mahsyat,invisible_bjk
Khalil_Moechtar,kafiradikalis
Infinite____z,bjorxanism
Infinite____z,ListyoSigitP
Tukrat_16,bjorxanism
cimisxin,bjorxanism
cimisxin,bjorxanism
cimisxin,ListyoSigitP
Risingdor,bjorxanism
Alexander_Indo,bjorxanism
ezra_rizky15,KumalKabut
ezra_rizky15,bjorka
diki_pramuji,bjorxanism
diki_pramuji,invisible_bjk
inovcan,bjorkanism
inovcan,bjorxanism
FznRhmn,invisible_bjk
felixfeliciscup,liputan6dotcom
kucinkndusel,bjorxanism
Asr_Aji,bjorxanism
Asr_Aji,oicaoata
arvicehul,bjorxanism
22d72a63cb9d4e9,Bjorqanism
AbdulWa69873407,invisible_bjk
AngelinaSiman19,invisible_bjk
tikusbercakap,bjorxanism
AzkiyaRuliya,bjorxanism
alwi_husien,bjorxanism
alwi_husien,bjorkanism
alwi_husien,Twitter
alwi_husien,bjorkanism
IsmiWy,bjorxanism
andoeesntr,bjorxanism
GilangPramudhi5,bjorxanism
JasonPriestly8,kr1t1kp3d45_pro
NurdimanH,4chmuqoddam
NurdimanH,bjorxanism
bijanigaru,bjorxanism
bijanigaru,Bjorqanism
NakusaO,YouTube
QidamRafi,bjorxanism
QidamRafi,bjorxanism
WifqiAzmi,bjorxanism
edyharyadi,bjorxanism
penguinarabb,KimKardashian
AcimalakaAyoni1,bjorxanism
Kimillow2209,bjorxanism
youronlyputtri,bjorxanism
LiMingShan6,bjorxanism
kaaorusi,bjorxanism
kaaorusi,bjorkanism
GAKBOLEHBAPER,bjorxanism
4chmuqoddam,bjorxanism
fendhy78736044,bjorxanism
ika_sophieshop,tokopedia
ika_sophieshop,tokopedia
vingtsm,bjorkanism
SaulBadmanHaha,bjorxanism
hazel_hzy,haipep
bieocth,detikcom
bieocth,detikcom
AnsyahArdany,MetaCupGames
minakkiete,bjorkanesm
FerdianAlhafii2,Bjorqanism
ZulfadlanZN,Bjorqanism
wilmanbhigu1108,Dennysiregar7
Kamsinprasetia,ChandraLiow
Kamsinprasetia,nessiejudge
Kamsinprasetia,YoutuberIndo
Dipanegara_Dua,cobeh2021
Dipanegara_Dua,Bjorqanism
tnindomie,KarawangCyber
tnindomie,f4k3_r00t
tnindomie,FoursdeathTeam
tnindomie,CNNIndonesia
Supermannnn88,Fio_1917
palsipaltod,Bjorqanism
yakushijie,hde104
yakushijie,riyachmadd
yakushijie,cloverhomestay
yakushijie,tvOneNews
yakushijie,bjorkanism
yakushijie,hde104
yakushijie,riyachmadd
yakushijie,cloverhomestay
yakushijie,tvOneNews
yakushijie,bjorkanism
AirilPratama,Bjorqanism
BudiRiyandi2,MuhniiArRazzaq
cz_binance_OSk_,Bjorqanism
ayhasavana,bjorkanism
MuslihZaenal,bjorkanism
Pejuang37047196,bjorkanisme
_utaryy,Angga_Yunandaaa
_utaryy,Angga_Yunandaaa
Hadinata354,NyiMasRuminah
saqinaqp,bjorkanesm
saqinaqp,ringgoagus
pain_boy3,WagimanDeep212_
AhmadSu80061276,Bjorqanism
nhasuh,chainpeak
nhasuh,Port3Network
nhasuh,unstoppableweb
atmasaid,invisible_bjk
jarrakposbanten,budakyesus
its_corianas,hublotsch
TutungF,bjorkanesm
dearnoona_,invisible_bjk
dhaniarma2,bjorkanesm
iamibn,NOTASLIMBOY
Rembulan_101,prctiu
Rembulan_101,gebetshilronin_
Rembulan_101,BunaClaim
kusnadisari1,bjorkanism
kusnadisari1,RagilSemar
kusnadisari1,bjorkanism
upihassan,Bang_Jedi
upihassan,KompasTV
Khairul69526394,rgoestama
Letdayyy1212,bjorkanismGOD_
Letdayyy1212,bjorkanism
Letdayyy1212,Twitter
btsjeykeyy,YAOIBASERP
AmbiyaFaisal,bjorkanismGOD_
AmbiyaFaisal,bjorkanism
AmbiyaFaisal,Twitter
NdahaNdewa,Bjorqanism
CyberHansip86,Bjorqanism
kiddoputu_,bjorkanesm
cloverhomestay,hde104
cloverhomestay,tvOneNews
cloverhomestay,bjorkanism
cloverhomestay,tvOneNews
faisalwbw,bjorkanesm
faisalwbw,bjorkanism
arieszytr_,jini26991
PlayPositional,FansBjorka
Candraelpica,Bjorqanism
EraDigitalBiz,cobeh2021
EraDigitalBiz,Bjorqanism
Paolo_Pjtn,Bjorqanism
galih_dea,ringgoagus
galih_dea,sabaiDieter
bocilga73522439,bjorkanismGOD_
bocilga73522439,bjorkanism
bocilga73522439,Twitter
thslifeonlyonce,acvn65
thslifeonlyonce,mysalt_sunshine
thslifeonlyonce,hacetresiqus
thslifeonlyonce,ismailfahmi
eyan_bravo,pumpingparrot
eyan_bravo,crypto_Zahied
eyan_bravo,anikaverrax
eyan_bravo,fivepetals16
eyan_bravo,thelma_cario1
eyan_bravo,nyonyair95
eyan_bravo,misspringday99
eyan_bravo,2022Bigwinx4me
eyan_bravo,noxeur0162
eyan_bravo,bukan_bjorka
RmdhnAndra,txtdrpemerintah
RmdhnAndra,kr1t1kp3d45_pro
priyo_csp,BurhanMuhtadi
priyo_csp,AnthonyBudiawan
amarrgh,dfharmadhy
anonymouse2404,Bjorqanism
MSaufina,Bjorqanism
MSaufina,tvOneNews
Irvansya7,kucingkebayoran
MKZxRoel,darktracer_int
MKZxRoel,zarazettirazr
MKZxRoel,darktracer_int
MKZxRoel,darktracer_int
endonpdc,decryptmedia
FadiL_bnc,bjorkanismGOD_
AchellGopo,darhezk_90
aakburjo,Persija_Jkt
Nunna_RM,invisible_bjk
Truncvg,darktracer_int
Truncvg,halupulisi
Truncvg,opposite090l92
Truncvg,bjorkanism
Ombowi,bjorkanesm
WiyatnaGaluh,invisible_bjk
WiyatnaGaluh,bjork
superyukiee,Bjorqanism
13012K4,bjorka
13012K4,puanmaharani_ri
13012K4,KumalKabut
13012K4,bjorka
13012K4,bjorka
13012K4,kemkominfo
Miyuki04342732,Bjorqanism
moonlit_28,tuktukmarwan
irfanmaulana_m,idextratime
Nocturn_6,bjorkanismGOD_
Nocturn_6,bjorkanism
Nocturn_6,Twitter
hd_fzh,infotwitwor_
h4njian,Kristinaqget
MNCRFTFRCNM,zaskiaforever
MNCRFTFRCNM,bjorkanism
MNCRFTFRCNM,WidasSatyo
MNCRFTFRCNM,txtdrpemerintah
MNCRFTFRCNM,mediocranky
MNCRFTFRCNM,tasia_5799
MNCRFTFRCNM,bjorkanism
MNCRFTFRCNM,indahwidyap
MNCRFTFRCNM,monkeyislutung
MNCRFTFRCNM,bjorkanism
rudzhartz01,Bjorkanism_
arizalriv,kurawa
football_id0612,bjorkanism_2nd
ry00751,kemkominfo
extratimejapan,invisible_bjk
extratimejapan,bjorkanesm
f_vexana12,Bjorkanism_
bara97031714,Bjorkanisms
liliana98145273,unseenyg_
Nusabogor,XXaavvii__
Nusabogor,Spencerjames211
Nusabogor,zulemamagarin
Nusabogor,Jamesspencer211
Nusabogor,Jemaco40
Nusabogor,ElderAcost
Nusabogor,Thalomoan1
Nusabogor,UalwaysBeMySide
Nusabogor,SwiftSultan1
Nusabogor,Spencerjames211
Nusabogor,okezonenews
Nusabogor,MARQUEZ__93
Nusabogor,tvOneNews
Nusabogor,tvOneNews
Nusabogor,ibbellanjrah
Nusabogor,_selebtwiter
MirzanaMusadad,Bjorqanism
stranousea,Twitter
yaudahgpp,jejeyoonoh14_
maulanamalik04,bjorkanism
maulanamalik04,Dennysiregar7
sayuri_128,bjorkaai
Handistangan,opposite090l92
affiatn,halupulisi
Ryzzz_04,bjorkanismGOD
Ryzzz_04,bjorkanism
Ryzzz_04,Twitter
monmaap123,bjorkanesm
CaturPa02055977,Bjorqanism
xluthfii_,bjorkaai
BunayyaArif,bjorkanismGOD_
abcdefaros,Bjorkanisms
basukifaizazam,bjorkanesm
dannedevil,AREAJULID
TetapSe45954241,Bjorqanism
TetapSe45954241,bjorkanism
Muh_Fadhil231,bjorkanismGOD_
Muh_Fadhil231,bjorkanism
Muh_Fadhil231,Twitter
Muh_Fadhil231,bjorkanism
Muh_Fadhil231,Twitter
Muh_Fadhil231,bjorkanism
Muh_Fadhil231,SPangerapan
dinmar79,Bjorkanism_
Romi394291221,Bjorqanism
Hijrrocket,darktracer_int
Hijrrocket,bjorkanesm
a_juliawanti,Bjorkanism_Hack
a_juliawanti,bjorkanism
M17Baretta,Bjorqanism
M17Baretta,bjorkanesm
bowie_mas,bjorkanesm
bowie_mas,txtdrpemerintah
BeginiCeritany1,VIVAcoid
hafidz_syamil,Bjorqanism
DangerousBooBoo,Bjorqanism
ommul,WorldCleanupDay
Rrrwwwnnnnn,bjorka_spirit
kamalwibu,Askrlfess
PanduRParamarta,mazzini_gsp
pleasebankrupt,dansalvato
pleasebankrupt,_omocat
bjorkanew,bjorka_spirit
MerdekaRakyan,MI_24CENTER
papa_deadiska,bjorka_spirit
neffendi09,bjorka_spirit
nazmusukma1,bjorka_spirit
ros19800,butuhfulus
ros19800,bjorka
liquidcath,tinynabong
butuhfulus,ros19800
butuhfulus,bjorka
b_shoujiki,FuckingLeveI
b_shoujiki,EmElEs12
R4den_aria,bjorkanesm
atie_jmk,pratamadeden
Daintyica,ujakah
SMARTPEOPLE_313,Bjorqanism
GentaRein,bjorkanism
GentaRein,bjorkanism
GentaRein,PlateJohnny
GentaRein,kemkominfo
GentaRein,PartaiSocmed
GoliathHydra,Bjorqanism
dfharmadhy,bjorka_spirit
KotaKanisready,lofi_dreamz
_FianAlfian,Bjorqanism
_FianAlfian,Bjorqanism
_FianAlfian,bjorka_spirit
qryuichi,bjorkanesm
adioecoep,takiapp
arstrayed,hahahiheho
ramadhanharyadi,bjorkanesm
putra126rey,Bjorqanism
putra126rey,bjorka_spirit
TvMuhklis,EgoisTamamono
TvMuhklis,elonmusk
TvMuhklis,elonmusk
MrNobod38844855,id_beritaupdate
mee_haaa,bjorka
Egikurcaci_,Bjorqanism
gatial_raseta,OrdinaryGamers
bjokanism,darktracer_int
MHassbur,bjorkanism
demonicside,bjorka_spirit
Hardian54969331,Bjorqanism
bijareth,spaceysongs
anggi_sasmito,Bjorqanism
anggi_sasmito,bjorka
kemriyikk,bjorkanesm
kemriyikk,bjorkanesm
RirinRirindya,BingungSendiri6
RirinRirindya,bjorka_midgxt
RirinRirindya,Dennysiregar7
riverflow___,detikcom
dazzldaisy,sweetlattenight
dazzldaisy,bjorkanism
syams_b,puangbatara
LilikNugroho18,bjorkanism
bluerranger,bjorkanism
zakiaardhan3,bjorkanesm
socialdeketin,bjorkanesm
BangEmpin,Bjorqanism
nadia_holifah,bjorkanism5
nadia_holifah,Twitter
keponakanzeus,pyupawpaw
imoelsiregar_19,bjorkanesm
afrianyudi_,bjork
mirzaryo,Dennysiregar7
mirzaryo,Dennysiregar7
mirzaryo,bjorka
mirzaryo,Dennysiregar7
mirzaryo,Dennysiregar7
mirzaryo,bjorka
mirzaryo,Dennysiregar7
mirzaryo,Dennysiregar7
mirzaryo,bjorka
mirzaryo,Dennysiregar7
mirzaryo,Dennysiregar7
mirzaryo,bjorka
mirzaryo,Dennysiregar7
mirzaryo,Dennysiregar7
mirzaryo,bjorka
mirzaryo,Dennysiregar7
mirzaryo,Dennysiregar7
mirzaryo,bjorka
mirzaryo,Dennysiregar7
mirzaryo,Dennysiregar7
mirzaryo,bjorka
khoiriali,bjorkanesm
boyke_bond_Jr,detikcom
boyke_bond_Jr,wikileaks
boyke_bond_Jr,darktracer_int
emprosay,bjorkanism
emprosay,AnandaLaundry
allofmeoo,bjorkanism
allofmeoo,puanmaharani_ri
allofmeoo,bjorkanism
allofmeoo,erickthohir
uuurrraaa123,bjorka
NoName49yes,rnitimiharjo08
NoName49yes,bjorkanesm
NoName49yes,bjorkanesm
NoName49yes,Rizallxyn
NoName49yes,bjorkanism
NoName49yes,puanmaharani_ri
NoName49yes,Widog798
NoName49yes,bjorkanesm
liovido_,Bjorqanism
revandy_as,halupulisi
Nafeezaa1332,darktracer_int
RidhoRajaHaram,fightwithbjorka
Esagaming7,sugarcollars
thosewholurk,sayhiika
thosewholurk,halupulisi
djoko_busan,kr1t1kp3d45_pro
Nggapunyanama77,bjorkanesm
b00km4rkz,Louishur
cancerius42,bjorka
cancerius42,fightwithbjorka
cancerius42,flytoalaska
rinaage12_,sabdasvara
chaoticpers0n,9GAG
ruli_sandiago,bjorkanesm
laststandofusa,bjorkanism
laststandofusa,kemkominfo
laststandofusa,NSAGov
laststandofusa,langgoanghendra
Breskor_viper,batiplok
Bajuri68612074,3Andalas
Bajuri68612074,bjorkanism
Bajuri68612074,maspiyuaja
Bajuri68612074,Bjorqanism
ouiouifaguette,TANYASPUNANII
ouiouifaguette,bjorkanism
khadchy,jumatdiokinawa
IsmailMSH2,detikcom
IsmailMSH2,SangJelajah
419Tajul,Bjorqanism
indradewapetir,kucingkebayoran
btcjava,opposite090l92
zalsujana,FikriAr_66
zalsujana,ZaynR42
zalsujana,bjorka
AlDiani62,txtdrpemerintah
dg_kawank,BurhanMuhtadi
dg_kawank,EdwardAspinall
dg_kawank,BurhanMuhtadi
dg_kawank,AnthonyBudiawan
Sherly0ctaviany,bjorkanism
Sherly0ctaviany,bjorkanism
Sherly0ctaviany,bjorkanism
Sherly0ctaviany,Syarman59
Sherly0ctaviany,nenni_achir1
Sherly0ctaviany,Dennysiregar7
Sherly0ctaviany,alisyarief
Sherly0ctaviany,Twitter
Sherly0ctaviany,darktracer_int
xcutecs,elonmusk
OverdoseRabbitz,mazzini_gsp
djokzs,Bjorkanism_Hack
djokzs,bjorkanism
dyghead,arbekokgitu
hostingcounter,Bisniscom
Bhanss88,shafiraldra
H4nnism,bjorkanism
fandyy_as,mardigu024
NioPucky,Bjorqanism
YtElemenz,indahwidyap
YtElemenz,indahwidyap
zexko55,bjorkanesm
jas57231,NICKIMINAJ
txtdradmtoko,CNNIndonesia
rndyrnda,nzrxzz
OCipeu,bjorkaniscm
OCipeu,MyPertaminaID
AlkindiNew,opposite090l92
dlvkvn,kiyauhalusmama
dlvkvn,id_beritaupdate
dlvkvn,bjorkanism
cutiecapric,_PointBroo
blogmunson,Twitter
RahardyanDhika,bjorkaniscm
RahardyanDhika,PolJokesID
RahardyanDhika,binofficial_ri
RahardyanDhika,jokowi
soyeliooo,convomfs
batiplok,bjorkanism
batiplok,Twitter
batiplok,bjorkanism
c1ntablu212,bjorkanesm
oalahjalljall,ngalamfess
KopipagiEncer,VIVAcoid
syedharizamri,bjorkanesm
Insticnt007,eldumze
Insticnt007,bjorkanism
Insticnt007,bjorka
woytablo777,Twitter
MooNZ_zzzzz,bjorkanesm
dialdialdii,halupulisi
txtdaricbcgoods,bjorkanism
txtdaricbcgoods,bjorkanesm
nocturnalfatcat,bjorkanism
wardog49270709,bjorkanesm
Kelvinmaulans1,bjorkanism
998juta,infotwitwor_
beras5kg,infotwitwor_
ModjoFox,bjorkanism
TazakkaN,bjorkanesm
muktiwbw_,txtdrpemerintah
ManWhoKillObama,darktracer_int
__harpa,Twitter
dreamleehi,sidneyalesandra
dreamleehi,yewnzn
kusumap71058453,Bjorqanism
ricorichardo,Dwdodo
intersectionxv,txtdrpemerintah
ywdhsi,txtdrpemerintah
kanigarakai,KemensetnegRI
kanigarakai,binofficial_ri
kanigarakai,CCICPolri
parkjiaiurs,DaailyStuff
parkjiaiurs,lebahakatsuki
Muhammad_KyovaN,AuntBee8
hacktivistlink,TheLast007
hacktivistlink,anonbarbby
hacktivistlink,Twitter
RuliGalih,mardigu024
andreanmalfares,bjorkanism
CupidPromotes,lerkvd
Hilmanzainuri,bjorkanism
Lintang91775859,NarasiNewsroom
Lintang91775859,darktracer_int
brawrnbear,Twitter
vanAgnail,WidasSatyo
Joey00594757,Dennysiregar7
Joey00594757,bjorkaism
Adrastea_Seeker,yorilakkuma_
SarmanSudar,bjorka
star_RZF,tataawinn
star_RZF,tataawinn
arararatiara,infotwitwor_
kilaat_,opposite090l92
jalujanuhr,elvinarta
jalujanuhr,bjorkanism
kicaufrdz,jesayas8
satriowcks,agie_mp
TriAndry,bjorkanism
TriAndry,bjorkanism
TriAndry,TwitterID
TriAndry,bjorkanism
Googh,Herselcouth
Googh,ssefnum
LiloPuji,LoPoBidau_
Tretanreview,darktracer_int
myhppylittlepil,zeinclnya_
tiaaa35726211,Dennysiregar7
BerlandGroup,kemkominfo
BerlandGroup,nahdlatululama
BerlandGroup,Official_Ansor
BerlandGroup,Generasi_MudaNU
BerlandGroup,muannas_alaidid
BerlandGroup,abirekso
BerlandGroup,Syarman59
BerlandGroup,ruhutsitompul
BerlandGroup,Banser_CyberNU
BerlandGroup,YahyaCStaquf
BerlandGroup,YourAnonNews
BerlandGroup,bjorkanism
BerlandGroup,YourAnonNews
BerlandGroup,bjorkanism
ghiozi,arcturushx
ghiozi,dhnxy08
ghiozi,eeriearmy
ghiozi,JISOOSUKOHARJ0
ghiozi,bjorkanism
ghiozi,eeriearmy
ghiozi,JISOOSUKOHARJ0
ghiozi,bjorkanism
zenimaarij_,tvindonesiawkwk
ur_kouhai,memefess
wawawa0112,ecommurz
linkedktk,saintedoves
linkedktk,nuicemedia
RileyAether,bjorkanism
RileyAether,bjorkanism
fuckyeahlutpi,bjorkanism
fuckyeahlutpi,Dennysiregar7
ImamKobain,adamnh_
ImamKobain,bjorka
mithlukcer03950,memefess
putr1sar1,Twitter
DanteSpeak_USA_,Twitter
DanteSpeak_USA_,Twitter
FikriAliyu,bjorka
Wal16494685Imam,repelita
Enixmatix,kemkominfo
Enixmatix,jokowi
Enixmatix,Should_Say09
Enixmatix,bjorkanism
Enixmatix,SPangerapan
dust_stwn,yaelahhcha
okta10via,YourAnonNews
abd_haris28,bjorkanism
ikisopose,nuicemedia
Tarantinopulps,txtdrpemerintah
roobeeow,unmagnetism
JadwalBimbingan,urfavocaa
peWWH1204,convomfs
tarkatsurlast,bjorkanism
luckystrike198,Salahud96665564
luckystrike198,Should_Say09
luckystrike198,bjorkanism
luckystrike198,SPangerapan
Kacaback678910,bjorka
mrduatiga,opposite090l92
one_wied,panca66
RioMcToruz,bjorkanism
RioMcToruz,Dennysiregar7
Kyuuziel,bjorkanism
Danz_Mk,bjorkanism
Erickas15933776,rahayutria2
Erickas15933776,bjorkanism
RK_Lamongan,bjorkanism
vharellv_,bjorkanism
vharellv_,Dennysiregar7
gggaminggg9,bjorkanism
gggaminggg9,PlateJohnny
KordekBang,lulu_chan92
koncogatelbos,bjorkanism
koncogatelbos,puanmaharani_ri
koncogatelbos,bjorkanism
rxvmizuka,bjorkanism
rxvmizuka,Twitter
OxBigWinWhen,bjorkanism
OxBigWinWhen,Dennysiregar7
g4mls_36,bjorkanism
g4mls_36,SPangerapan
Dikun75593318,bjorkanism
Dikun75593318,Dennysiregar7
Dikun75593318,bjorkanism
loeloe761116,bjorkanism
loeloe761116,Dennysiregar7
TopuiTarno,bjorkanism
TopuiTarno,Dennysiregar7
itsjemii,bjorkanism
SihokDarko,clearadhesive
Treezzzzyyyy,bjorkanism
nisanikiandr,detikcom
Demon230404,bjorkanism
jackiechantwt,bjorkanism
jackiechantwt,puanmaharani_ri
jatnika_erwin,bjorkanism
jatnika_erwin,Dennysiregar7
incIudedt,bjorkanism
zayndbryant,svtunning
krock04191623,bjorkanism
irrvannx,bjorkanism
irrvannx,Dennysiregar7
ObtainzeeZ,bjorkanism
Shympony1st,midoriiwin
Shympony1st,CryptoKing1st
Shympony1st,rezekidtgdong
Shympony1st,flowrlyx
Shympony1st,missufe
Shympony1st,jihantesti
Shympony1st,ZaraPromotes
Shympony1st,CryptoKing1st
augelapbet,bjorkanism
augelapbet,darktracer_int
bircantik,bjorkanism
RafiLazuardiFCB,bjorkanism
RafiLazuardiFCB,Dennysiregar7
MRVLS,detikcom
ratingsblood,Amidstrealm
nobody_known_me,bjorkanism
bashorfecalmake,bjorkanism
iamfaridmaulana,bjorkanism
PemudaBangkit91,bjorkanism
BayuAndhikaja,bright24_linyi
okeoekeok,bjorkanism
okeoekeok,Twitter
AngkaLimanto,bjorkanism
allbackrin,mazzini_gsp
Ahaydek7,bjorkanism
Ahaydek7,bjorka
IChakil,bjorkanism
IChakil,bjorkanism
dudeWtH2x3,bjorkanism
kitapartybareng,bjorkanism
kitapartybareng,Twitter
kitapartybareng,bjorkanism
kitapartybareng,timmerman91
kitapartybareng,bjorkanism
kitapartybareng,Twitter
medslmn_,bjorkanism
medslmn_,Dennysiregar7
dikirapip,bjorkanism
DimazN7,bjorkanism
DimazN7,Twitter
rakusgagemu,bjorkanism
FaizUbaidilla18,bjorkanism
FaizUbaidilla18,Twitter
Bintang60936187,bjorkanism
Bintang60936187,Dennysiregar7
Bintang60936187,jokowi
RizalBojesz,bjorkanism
RizalBojesz,Dennysiregar7
icyyywawa,RuangLucuuu
icyyywawa,lalalafindyou
rururudolph_145,rakas___
zaialkafq,tanyakanrl
zaialkafq,jek___
zaialkafq,bitxt
zaialkafq,starfess
Rikma0,inilahdotcom
Rikma0,kemkominfo
Rikma0,PlateJohnny
Rikma0,nuicemedia
Rikma0,kemkominfo
Rikma0,exteamcup
Rikma0,saintedoves
Rikma0,nuicemedia
prasetyo_kabul,bjorkanism
udin99807974,bjorkanism
escrlaperoom,bjorkanism
RedsArchivez,bjorkanism
RedsArchivez,Twitter
Bruhmanindo,AnonOpsSE
clementinee666,bjorkanism
Tulkiyjemm,bjorkanism
Tulkiyjemm,erickthohir
Broker2704,bjorkanism
Hrjy_234,VIVAcoid
rtnF14,ecommurz
gigiyaya99,bjorkanism
rizdardragon,fikriframudiya
AlkaifanDaru,bjorkanism
AlkaifanDaru,Twitter
balqifadhlih,bjorkanism
hardmonxx,bjorkanism
Medomade10,camila
Medomade10,khamzat
Medomade10,Nebraska
Medomade10,tony
Medomade10,Chimaev
Medomade10,Holland
Medomade10,bjorka
Medomade10,magic
Medomade10,que_show
Rijal34993306,bjorkanism
Rijal34993306,bjorkanism
Rijal34993306,bjorkanism
pororoca021,bjorkanism
Gun1p3r,bjorkanism
Gun1p3r,Dennysiregar7
Prince_matheor,bjorkanism
Prince_matheor,Twitter
Toulipes_,bjorkanism
delta_rrg,bgswijayaa
Abrarraden,DianAmanda02
Abrarraden,bjorkanism
Abrarraden,Dennysiregar7
b3autifulscars,bjorkanism
inhen2000,bjorkanism
febyekaputra,indozonemedia
febyekaputra,bjorkanism
rvlwy1,bjorkanism
rvlwy1,Twitter
maknahidup_,bjorkanism
softboicarti,bjorkanism
softboicarti,idextratime
softboicarti,bjorkanism
softboicarti,Dennysiregar7
softboicarti,idextratime
flowliieee,bjorkanism
Alfredonoel666,bjorkanism
itszara111,bjorkanism
KsatriaRasydan,tvOneNews
KsatriaRasydan,Dharmas56190807
KsatriaRasydan,bjorkanism
KsatriaRasydan,Fadilsikumbang2
CorpLimpa,AnonOpsSE
CorpLimpa,mfa_russia
CorpLimpa,zlj517
Anie_Kurniawati,bjorkanism
Anie_Kurniawati,erickthohir
JonKaya3,bjorkanism
0xbjorkanism,bjorkanism
walfianpram,memefess
slopequilibrium,bjorkanism
Tabedaeng77,bjorkanism
Tabedaeng77,SPangerapan
zulfirebbel,bjorkanism
zulfirebbel,Dennysiregar7
faturro05043372,bjorkanism
faturro05043372,Dennysiregar7
abjadbiru,bjorkanism
abjadbiru,Dennysiregar7
Gevormentonly,bjorkanism
Gevormentonly,Twitter
0xJuizcityx,bjorkanism
0xJuizcityx,puanmaharani_ri
chupachupsbabol,bjorkanism
chupachupsbabol,Dennysiregar7
Msd0303,bjorkanism
JhonTorus,bjorkanism
JhonTorus,Twitter
kicepkicep,tatakhoiriyah
kicepkicep,darktracer_int
kicepkicep,bjorkanism
kicepkicep,Dennysiregar7
voncovers,PartaiSocmed
Abdhammid99,bjorkanism
Abdhammid99,erickthohir
Muhamma60071424,bjorkanism
Muhamma60071424,Dennysiregar7
Muhamma60071424,bjorkanism
Fikri_Prianton,6undul0h
Fikri_Prianton,bjorkanism
Albipatrabskra,bjorkanism
safeplacejak,bjorkanism
OmJack_23,bjorkanism
OmJack_23,Dennysiregar7
lukiss0101,bjorkanism
lukiss0101,Twitter
putry_kayana,hrdbacot
2001Jumari,bjorkanism
2001Jumari,Twitter
mamyuuk,bjorkanism
buy1getdefee,bjorkanism
buy1getdefee,Dennysiregar7
Eliezzzerr,bjorkanism
KomengskiCuliko,memefess
etxsxhtch,detikcom
bunayya22,bjorkanism
bunayya22,Twitter
bunayya22,Twitter
mrmask105,bluehoneymoonn
mrmask105,bjork
mrmask105,DailyDarkWeb
mrmask105,enisa_eu
saladzmatcha,bjorkanism
Ul13l,bjorkanism
kookiedoozennie,sugarplcm
kookiedoozennie,bjorkanism
srksnon,bjorkanism
nastygoyeng,candiesandcokes
ohsipetong,bjorkanism
ohsipetong,Dennysiregar7
SandyAlpiando,bjorkanism
philaluphia,NurfatihaAB
azis_saka97,bjorkanism
azis_saka97,Dennysiregar7
azis_saka97,bjorkanism
azis_saka97,Twitter
masbarep007,ismailfahmi
masbarep007,aniesbaswedan
masbarep007,ismailfahmi
VMBanizian,bjorkanism
svtwsteez,bjorkanism
JPwc03,bjorkanism
JPwc03,Dennysiregar7
ariefwahyug,bjorkanism
ariga_ki,bjorkanism
ariga_ki,Twitter
budimanrisal,bjorkanism
budimanrisal,Twitter
taram_tamtam,bjorkanism
taram_tamtam,bjork
Mrikzz2,bjorkanism
Mrikzz2,Dennysiregar7
rambe_jalil,bjorkanism
rambe_jalil,Dennysiregar7
maulana80623138,bjorkanism
maulana80623138,Twitter
ahmadsukri1212,bjorkanism
Nightshade_sh,bjorkanism
hormatiortu,bjorkanism
hormatiortu,Twitter
Nibdy3,bjorkanism
Nibdy3,Dennysiregar7
Nibdy3,bjorkanism
Nibdy3,Twitter
Nibdy3,bjorkanism
Nibdy3,erickthohir
jaqvad,bjorkanism
AffandyMargaret,bjorkanism
AffandyMargaret,Twitter
pr0ph0z,geovedi
fernandhiDP,nuicemedia
fernandhiDP,nuicemedia
barudaksunda09,bjorkanism
fikrifathony9,bjorkanism
fikrifathony9,Dennysiregar7
Nowbawanyali,bjorkanism
BlueSky11897,bjorkanism
UnknownSistah,kapelluv
gerinisk2,bjorkanism
gerinisk2,puanmaharani_ri
ekose85,NdrewsTjan
ekose85,bjorkanism
ekose85,Dennysiregar7
abdurah26718123,bjorkanism
abdurah26718123,Dennysiregar7
abdurah26718123,bjorkanism
Amidstrealm,ssefnum
LailaNFW,bjorkanism
LailaNFW,Twitter
AnonFans62,bjorkanism
AnonFans62,bjorkanism
Rinb648265951,bjorkanism
Rinb648265951,bjorkanism
Rinb648265951,puanmaharani_ri
Rinb648265951,bjorkanism
Rinb648265951,erickthohir
langitb9393,bjorkanism
langitb9393,Dennysiregar7
FamieArif,tvOneNews
powerangerpink7,bjorkanism
powerangerpink7,Dennysiregar7
Iqbal_37,bjorkanism
smolielevi,bjorkanism
pela_wtj,bjorkanism
pela_wtj,Twitter
enemyte,bjorkanism
enemyte,Dennysiregar7
billy170845,bjorkanism
billy170845,Dennysiregar7
stupidrulehater,alter_alter_alt
stupidrulehater,LloydTwilight
stupidrulehater,nuicemedia
stupidrulehater,farhanfar13
stupidrulehater,bjorkanism
stupidrulehater,aritj
stupidrulehater,bjorkanism
stupidrulehater,Dennysiregar7
PemiPebriansyah,bjorkanism
PemiPebriansyah,erickthohir
PemiPebriansyah,bjorkanism
PemiPebriansyah,puanmaharani_ri
PemiPebriansyah,bjorkanism
PemiPebriansyah,Twitter
ramseslim,bjorkanism
ramseslim,Dennysiregar7
fvcksynkills,bjorkanism
fvcksynkills,Dennysiregar7
a11toowelll,opposite090l92
Surya__Rama,bjorkanism
Surya__Rama,Dennysiregar7
airquid,bjorkanism
AMufti898,bjorkanism
AMufti898,Twitter
AMufti898,bjorkanism
Reez_Kensai,bjorkanism
Reez_Kensai,bjorkanism
Reez_Kensai,Twitter
nara_el16,bjorkanism
GennaroGinanjar,bjorkanism
GennaroGinanjar,Dennysiregar7
Gogongo86753136,ridhoisrm
taofan_pratama,bjorkanism
taofan_pratama,Dennysiregar7
Sasyilaa,bjorkanism
donipohan7,FiersaBesari
AdhiyogaV,bjorkanism
AdhiyogaV,Dennysiregar7
amprade,bjorkanism
amprade,Twitter
Juliandrxx,bjorkanism
KhambaliAchmad,bjorkanism
KhambaliAchmad,Dennysiregar7
Kayz012345,bjorkanism
Kayz012345,Twitter
Kayz012345,bjorkanism
AfSaha4,bjorkanism
AfSaha4,Twitter
RamboKuntet,Kimberley_2022
youandmemaret,bjorkanism
Ramailh34070190,bjorkanism
pyurheroine,ecommurz
pyurheroine,ecommurz
pyurheroine,ecommurz
couptatu,bjorkanism
achmdzlkfl,bjorkanism
achmdzlkfl,puanmaharani_ri
achmdzlkfl,bjorkanism
achmdzlkfl,Dennysiregar7
achmdzlkfl,bjorkanism
achmdzlkfl,erickthohir
achmdzlkfl,bjorkanism
achmdzlkfl,Twitter
AdiSuyitn,bjorka
xxxseokjins,bjorkanism
who_knows2021,bjorkanism
who_knows2021,puanmaharani_ri
gilang_martono,bjorkanism
gilang_martono,Dennysiregar7
gilang_martono,bjorkanism
Jackoy15,bjorkanism
Jackoy15,Twitter
jetleephoenix,bjorkanism
s_ssyyl,showm4ker_
s_ssyyl,yunisaarn
kulinocidro27,bjorkanism
kulinocidro27,Twitter
ReinhardtEzeki2,bjorkanism
GordaU2,bjorkanism
GordaU2,mavin1818
GordaU2,SPangerapan
abayu99,bjorkanism
abayu99,Dennysiregar7
tokopeiden,bjorkanism
tokopeiden,puanmaharani_ri
sonswsw,saintedoves
sonswsw,nuicemedia
RiskiHa71673241,bjorkanism
RiskiHa71673241,SPangerapan
Ryuu_135,bjorkanism
CrippledPasta,MiiyaUwU_EN
ikaputricw,bjorkanism
bjorkanist,bjorkanism
bjorkanist,Dennysiregar7
muda_filsuf,bjorkanism
joshuarsk,darktracer_int
ahsanerier,nuicemedia
sayajodohYeri,bjorkanism
dnadmrf,infotwitwor_
imisyuuu,tabrakajalahh
jilat_tros_hutt,Dennysiregar7
ir_dal,bjorkanism
ir_dal,puanmaharani_ri
efrannr21,bjorkanism
efrannr21,Dennysiregar7
kyxsyahrizaaa,chern0blyat
Antoniusadityaa,bjorkanism
AkuVaatu,bjorkanism
AkuVaatu,Dennysiregar7
AkhidNurr,bjorkanism
AzrielSeptyan,bjorkanism
jarjirjor,Snowden
iyadimaapin,bjorkanism
iyadimaapin,Dennysiregar7
Faw28882,bjorkanism
Faw28882,Dennysiregar7
46IXo,bjorkanism
46IXo,Dennysiregar7
himesaka__,bjorkanism
himesaka__,bjorkanism
dino_qs1,bjorkanism
dino_qs1,Dennysiregar7
wisanggeni2022,bjorkanism
ana_benhod,YoanAngelic
ana_benhod,bjorkanism
wisnudrhmt,bjorkanism
wisnudrhmt,egoism666
bukanaderaii,bjorkanism
AyeshaAlya,bjorkanism
AyeshaAlya,puanmaharani_ri
aliflapasere,bjorkanism
Bjorka_Sambo,bjorkanism
Bjorka_Sambo,Dennysiregar7
Bjorka_Sambo,bjorkanism
Bjorka_Sambo,puanmaharani_ri
faizalrachmawan,bjorkanism
nuzer_x,bjorkanism
war_cla10,bjorkanism
_theguzel,bjorkanism
_theguzel,bjorkanism
_theguzel,bjorkanism
mas_omin,bjorkanism
mas_omin,puanmaharani_ri
mas_omin,bjorkanism
cecegembel,bjorkanism
cecegembel,Dennysiregar7
fitriadiwb,bjorkanism
fitriadiwb,Dennysiregar7
pisangdantelor,bjorkanism
YaWahid1,bjorkanism
kelixman,CCICPolri
kelixman,jokowi
DonFlamingo_,bjorkanism
DonFlamingo_,Dennysiregar7
Edy25918062,bjorkanism
Edy25918062,Dennysiregar7
Edy25918062,bjorka
klikesmoney,bjorkanism
RapsanjaniSoni,bjorkanism
RapsanjaniSoni,Twitter
matchagrintee,detikcom
aritj,bjorkanism
aritj,Dennysiregar7
teuku_desky,bjorkanism
WildRos63625948,bjorkanism
WildRos63625948,PlateJohnny
WildRos63625948,bjorka
babywhythe,bjorkanism
TriW1212,bjorkanism
TriW1212,Dennysiregar7
TriW1212,_ekokuntadhi
TriW1212,bjorkanism
TriW1212,bjorkanism
TriW1212,Dennysiregar7
Tokopedika,bjorkanism
Tokopedika,puanmaharani_ri
Hannabangtan_,bjorkanism
Hannabangtan_,erickthohir
AndiOmaga,bjorkanism
TaufikAN9,bjorkanism
TaufikAN9,Dennysiregar7
dymsum4Lyfe,bjorkanism
dymsum4Lyfe,Dennysiregar7
pickyinside,bjorkanism
pickyinside,Dennysiregar7
rnitimiharjo08,NgebutMautC84
rnitimiharjo08,rracrxx
rnitimiharjo08,bayhakimi
rnitimiharjo08,bjorkanism
rnitimiharjo08,Dennysiregar7
Sodablue19,bjorkanism
Sodablue19,puanmaharani_ri
ChristianFebr18,bjorkanism
ChristianFebr18,erickthohir
ChristianFebr18,bjorkanism
ChristianFebr18,Dennysiregar7
ChristianFebr18,bjorkanism
ChristianFebr18,Twitter
KANEKAPUTRA4,bjorkanism
KANEKAPUTRA4,Twitter
fajarhyn,bjorkanism
fajarhyn,Dennysiregar7
DianAmanda02,bjorkanism
DianAmanda02,Dennysiregar7
ardifrederiic,aan__
ardifrederiic,bjorkanism
ardifrederiic,Dennysiregar7
ardifrederiic,darktracer_int
Naammz_,bjorkanism
cie_ketahuan,bjorkanism
cie_ketahuan,erickthohir
Clabuuu,bjorkanism
pinkishdust,theresiarachel
SautSimanungk10,bjorkanism
SautSimanungk10,erickthohir
bakhrie07,bjorkanism
CsFaqih,bjorkanism
CsFaqih,Twitter
CsFaqih,bjorkanism
gede_2304,bjorkanism
Myoxxx_,bjorkanism
Myoxxx_,erickthohir
alaksana555,bjorkanism
alaksana555,erickthohir
Bocilengas32,bjorkanism
Bagas170912,bjorkanism
whewz1982,bjorkanism
whewz1982,Twitter
Yusuffmaulana22,bjorkanism
Yusuffmaulana22,bjorka
Zihemo0,bjorkanism
Zihemo0,erickthohir
oikiyomasa09,bjorkanism
oikiyomasa09,erickthohir
kuluprawon,bjorkanism
kuluprawon,puanmaharani_ri
imuzfauzi,bjorkanism
sofianaafifah_,bjorkanism
sofianaafifah_,erickthohir
sofianaafifah_,bjorkanism
sofianaafifah_,puanmaharani_ri
CabeSaus,bjorkanism
CabeSaus,Twitter
shecallmeriki,bjorkanism
shecallmeriki,erickthohir
jidan_jun,bjorkanism
jidan_jun,puanmaharani_ri
friedchickeb,bjorkanism
friedchickeb,bjorkanism
FrogThe3,bjorkanism
pradenaa,PlateJohnny
pradenaa,SPangerapan
akuboekankamu,bjorkanism
akuboekankamu,puanmaharani_ri
asaaaa_2,bjorkanism
asaaaa_2,puanmaharani_ri
adityahoppus33,bjorkanism
adityahoppus33,Twitter
idunnoevenknow,bjorkanism
idunnoevenknow,puanmaharani_ri
Kikim_pepul,bjorkanism
Kikim_pepul,puanmaharani_ri
tubbirfeses,tubbirfess
assy2619,bjorkanism
assy2619,puanmaharani_ri
teeelleisme,bjorkanism
teeelleisme,bjorkanism
teeelleisme,puanmaharani_ri
leenos991,bjorkanism
leenos991,puanmaharani_ri
IlhamIbrahiim,bjorkanism
TamongPanji,patualanggaAsse
TamongPanji,Nurulkjo1
TamongPanji,bjorkanism
Sofcerred1,bjorkanism
Sofcerred1,puanmaharani_ri
du_funnet,bjorkanism
Dunnnaaaaaa,bjorkanism
Dunnnaaaaaa,puanmaharani_ri
rhoy_yusuf,bjorkanism
rhoy_yusuf,puanmaharani_ri
abi_hadromi,bjorkanism
abi_hadromi,SPangerapan
abi_hadromi,bjorkanism
abi_hadromi,puanmaharani_ri
uncleseptember,darktracer_int
it_adhit,bjorkanism
it_adhit,egoism666
PresidenIbu,bjorkanism
QVZY,bjorkanism
QVZY,puanmaharani_ri
Kuching_Kamu,bjorkanism
hailtothemink,ardifrederiic
hailtothemink,bjorkanism
hailtothemink,puanmaharani_ri
SalmonelaSushi,bjorkanism
SalmonelaSushi,puanmaharani_ri
j_schagi,bjorkanism
j_schagi,puanmaharani_ri
memagsa,bjorkanism
memagsa,puanmaharani_ri
Hola_baka,bjorkanism
endang_yl,bjorkanism
barkah902,bjorkanism
soulmeaningful,coffebit
lizcharu,bjorkanism
lizcharu,SPangerapan
lizcharu,bjorkanism
lizcharu,puanmaharani_ri
leonharxdt,bjorkanism
leonharxdt,puanmaharani_ri
leonharxdt,bjorkanism
leonharxdt,SPangerapan
guhbud,yteeam
bibeh16,bjorkanism
NazhrilAruf,bjorkanism
NazhrilAruf,Twitter
Pramukti5,darktracer_int
Pramukti5,bjorkanism
nanda_xxi,bjorkanism
nanda_xxi,bjorkanism
rayendito,weed69_420
rayendito,boysoblog
PadangSumbar6,bjorkanism
PadangSumbar6,Twitter
PadangSumbar6,bjorkanism
Should_Say09,bjorkanism
Should_Say09,SPangerapan
Mitrabaik,bjorkanism
Divaarghh,bjorkanism
uciiha_madaraa,bjorkanism
Fadlipenyair,MahaD3w4
fillet_salmon,ElPastrodepalar
markiemark_lee,bjorkanism
psych1ccc,bjorkanism
enlightmenttt,bjorkanism
enlightmenttt,dabenone2
enlightmenttt,bjorkanism
dinoduck142,bjorkanism
kemitris,abu_waras
komanksu,bjorkanism
komanksu,arywirapradnya
X11Algorithm,bjorkanism
mrsgrangerh,youngste4dy
qardust,bjorkanism
_____rafff,bjorkanism
_____rafff,YourAnonNews
unsghero,bjorkanism
parjo_bin,bjorkanism
parjo_bin,SPangerapan
NakhaVon_1103,bjorkanism
NakhaVon_1103,Twitter
Kontolodon8444,bjorkanism
BataraAldy,bjorkanism
BataraAldy,egoism666
ArArozy,abu_waras
NHLisaaa,bjorkanism
LautPaku,bjorkanism
imaskolooke,bjorkanism
imaskolooke,egoism666
HerryHartanto5,bjorkanism
chanjoeck,bjorkanism
tired_version,bjorkanism
tired_version,SPangerapan
rigeldzikrullah,bjorkanism
violerise,bjorkanism
pelacured,papedadinginn
fitraasha,darktracer_int
nempelterus,bjorkanism
nempelterus,bjorkanism
Flyingfighter27,bjorkanism
AnNamirahC_ANC,bjorkanism
D__Frozen,bjorkanism
toriqakbr,bjorkanism
DeccaWaiz,bjorkanism
AirdanGelombang,bjorkanism
AirdanGelombang,PlateJohnny
AirdanGelombang,bjorkanism
alyachaaan,bjorkanism
alyachaaan,Twitter
PrawotoWoto6,bjorkanism
johyunisourbae,bjorkanism
SunaryaKasno,bjorkanism
SunaryaKasno,Twitter
SunaryaKasno,bjorkanism
SunaryaKasno,Twitter
rosely___rose,bjorkanism
radtyaa1,bjorkanism
radtyaa1,SPangerapan
cehaples,xVikaFHx
cehaples,bjorkanism
wwcuspid,bjorkanism
wwcuspid,bjorkanism
ifash06,nmawadah10
RikiTakanashi,bjorkanism
swe4tyballz,bjorkanism
golekperkara,bjorkanism
CariAmanAjadulu,bjorkanism
yusva_z,bjorkanism
yusva_z,bjorkanism
yusva_z,bjorkanism
mengciw,bjorkanism
Muhamma74432824,bjorkanism
Cilo27615132,bjorkanism
yanuarizkyr_,erinverensiaa
yanuarizkyr_,bjorkanism
Billie0998,bjorkanism
boubo_,smoln4di
AbdulAz26343057,bjorkanism
ronaronaronnn,bjorkanism
Putrinrsm,kesienji
abanese,bjorkanism
universeisadick,YouTube
universeisadick,YouTube
kesienji,Putrinrsm
aeroyvidalitas,bjorkanism
aeroyvidalitas,SPangerapan
quotesandstori3,Kdramaescapp
quotesandstori3,bjorkanism
Iamfernand111,bjorkanism
Iamfernand111,bjorkanism
Iamfernand111,SPangerapan
NdrewsTjan,bjorkanism
tariqbinziyadh,bjorkanism
jasjuswannabe,bjorkanism
jasjuswannabe,SPangerapan
dandanlf,bjorkanism
Nrasijo,bjorkanism
torosky09,bjorkanism
rex2100419124,bjorkanism
rex2100419124,Twitter
justurdailydude,bjorkanism
KingZulin,bjorkanism
KingZulin,bjorkanism
x364m303v1,bjorkanism
FajarSi6598,bjorkanism
earlysunsetsv,bjorkanism
MrIhm,bjorkanism
MrIhm,bjorkanism
FibellAffishya,bjorkanism
saintedoves,Amoureism
saintedoves,nuicemedia
saintedoves,bjorkanism
saintedoves,SPangerapan
UbaydillahArm,bjorkanism
gasukajeruk___,bjorkanism
AigoSAA,bjorkanism
Ridw4nF,bjorkanism
MR_BT01,bjorkanism
MR_BT01,bjorkanism
MR_BT01,Twitter
niniqwahyuni,bjorkanism
vincentrcrd,ruliemaulana
vincentrcrd,dokterparu
juliejolii,bjorkanism
devicaduak,bjorkanism
riskaeuy77,bjorkanism
jagungsusupejuu,bjorkanism
senorjoey,nuicemedia
DeedeeElena,bjorkanism
KonzMek,bjorkanism
KonzMek,bjorkanism
KonzMek,SPangerapan
AslanPutra9,bjorkanism
Legiun_101,bjorkanism
gfizone,nessiejudge
raikou__sekka,rahayutria2
raikou__sekka,bjorkanism
freeconfusedd,bjorkanism
freeconfusedd,SPangerapan
freeconfusedd,bjorkanism
Rudi62245004,bjorkanism
Rudi62245004,SPangerapan
RaulMaulana,opposite090l92
RaulMaulana,bjorkanism
dzulmushlih,bjorkanism
hallidii,bjorkanism
hallidii,SPangerapan
iniguavin,bjorkanism
iniguavin,SPangerapan
Rchmddms,bjorkanism
Rchmddms,SPangerapan
FFamarula,bjorkanism
FFamarula,egoism666
mencari7anhidup,bjorkanism
mencari7anhidup,SPangerapan
RockabillyKiky,bjorkanism
RockabillyKiky,Twitter
RockabillyKiky,bjorkanism
yu15ansiyui,bjorkanism
PawPawww14,bjorkanism
PawPawww14,SPangerapan
jarpajarrrrr,bjorkanism
jarpajarrrrr,SPangerapan
junmisugi_,bjorkanism
junmisugi_,SPangerapan
DeimosLordSeven,bjorkanism
sayainiultramen,darktracer_int
sayainiultramen,txtdrpemerintah
sayainiultramen,TechmenID
aryafrd,Trias0405
tataawinn,star_RZF
I_P_W_R_A,bjorkanism
zainushodikin,bjorkanism
andimakansiang,bjorkanism
sham8_Abd,sekatekatee
jruigg,bjorkanism
jruigg,bjorkanism
tidur6jamsehari,detikcom
soncukkk,bjorkanism
txtdariseff,bjorkanism
milhandsome,nessiejudge
papa4bby,bjorkanism
papa4bby,detikcom
penggunabarueh,bjorkanism
Youuyaff,bjorkanism
LloydTwilight,nuicemedia
MMetumbu,bjorkanism
lukee_permana,bjorkanism
tominugr,bjorkanism
Fransis58009316,bjorkanism
TrisnoNovichok,bjorkanism
TrisnoNovichok,bjorkanism
wandadesign755,ogiehart
wandadesign755,ogiehart
waifu_ninym,bjorkanism
Marc50492461,bjorkanism
MediaRakyat4,bjorkanism
MediaRakyat4,bjorkanism
masgeenn,bjorkanism
KukusanDPK,bjorkanism
AldySiBhendot,detikcom
Mohamadyusup_17,irwancihuy
leechid13,bjorkanism
AkbarGladi,opposite090l92
Tasyawa,bjorkanism
caramellia22,bjorkanism
sunwillshine0,bjorkanism
talesdmo,bjorkanism
AmpasDadar,bjorkanism
AmpasDadar,sugarplcm
AmpasDadar,bjorkanism
reyrdk,bjorkanism
andblessutoo,Macuceng
andblessutoo,rahayutria2
andblessutoo,bjorkanism
xcyan2_,bjorkanism
methadd8,bjorkanism
uNoNeedToKnowMi,bjorkanism
rezaoktorio,bjorkanism
studydaax,sugarplcm
studydaax,bjorkanism
heningwikan,korbanxiklan
anessa_molita,bjorkanism
EDitektif,bjorkanism
dipasativa,svtunning
dipasativa,bjorkanism
dipasativa,bjorkanism
rdygrnlstr,bjorkanism
Dzee87_,bjorkanism
Dzee87_,bjorkanism
panggilchia,bjorkanism
bang_poetra75,Ayang_Utriza
wolIiwood,Kdramaescapp
wolIiwood,bjorkanism
whodisct,bjorkanism
Wadeemore_,bjorkanism
Wadeemore_,TheNugrawesome
tryutarikd,bjorkanism
linkMovieGeek,darktracer_int
linkMovieGeek,bjorkanism
bgydma,bjorkanism
Jay18539904,bjorkanism
Jay18539904,Twitter
takatahanachan,mazzini_gsp
x663b,bjorkanism
F__Hasan,bjorkanism
apibesarkonoha,bjorkanism
krt_senoparty,kalong9669
krt_senoparty,mardigu024
krt_senoparty,conan_idn
krt_senoparty,BERKARYA_NET
widhisetyok,bjorkanism
widhisetyok,darktracer_int
triislam,bjorkanism
boOksreaded,Macuceng
boOksreaded,rahayutria2
boOksreaded,bjorkanism
samprawood,bjorkanism
samprawood,bjorkanism
samprawood,ganjarpranowo
samprawood,aniesbaswedan
samprawood,prabowo
samprawood,puanmaharani_ri
samprawood,cakimiNOW
samprawood,ridwankamil
samprawood,AgusYudhoyono
kurniawanms,bjorkanism
adhitia_sept,bjorkanism
javaskinned,bjorkanism
SarjiSetiawan,bjorkanism
SarjiSetiawan,msaid_didu
misallnya,bjorkanism
WildanMhtdi,bjorkanism
thebigadolf,bjorkanism
MonaPurnomo,bjorkanism
shintaeyong7777,bjorkanism
RZ9777,bjorkanism
mark14_b,bjorkanism
Harmelzs,bjorkanism
saladnyahokbent,bjorkanism
hiburhan,bjorkanism
hiburhan,ManUtd
Nankumala,bjorkanism
DipoNiarto,bjorkanism
SKeduniawian,bjorkanism
SantaPradana,bjorkanism
guuglecroms,bjorkanism
Benar97395568,bjorkanism
Sygpapa1,bjorkanism
Sygpapa1,bjorkanism
Sygpapa1,bjorkanism
gusnur_,bjorkanism
sdsxn,bjorkanism
Faqih7777745,bjorkanism
duckbusterr,bjorkanism
akals3hat,bjorkanism
BalongPah,bjorkanism
firmanholiky,bjorkanism
Your_Bulls,bjorkanism
inisialfr,bjorkanism
toksikologi,bjorkanism
Adijohn69,bjorkanism
Adijohn69,bjorkanism
killyourid0l,bjorkanism
alhamdulilpump,bjorkanism
katsudxnn,bjorkanism
nanayapoetri,bjorkanism
adityaadzi,bjorkanism
Ravenmilles,DADDAMYTH
choproblem,bjorkanism
Oxwinsoon88,sof1azara03
e__c__a,bjorkanism
BAD_ut_,bjorkanism
ureran0776,bjorkanism
Praja28486988,bjorkanism
Praja28486988,Twitter
srimuly39805789,bjorkanism
srimuly39805789,Twitter
Jackma30608085,bjorkanism
BANGJOE96641297,bjorkanism
TiarMbot,bjorkanism
eutaniash,bjorkanism
Kokonikkokoko,bjorkanism
yogipriatna,bjorkanism
yogipriatna,bjork
DyahGulzar,bjorkanism
amamordialti,bjorkanism
Susyjw2,bjorkanism
Cham_Dhon,bjorkanism
rizkindra,bjorkanism
unk0_unk0,bjorkanism
rzkyfsy,bjorkanism
AnjzaKaryadi,darktracer_int
m4c4n025,bjorkanism
alvianbhakti,darktracer_int
alvianbhakti,bjorkanism
alvianbhakti,zidni_mbr
MOVEONFOOTBALL,brozocrypto
MOVEONFOOTBALL,lewy_official
MOVEONFOOTBALL,dembouz
khoirummawarti,bjorkanism
ibamibam24,sqntuy
DangerousOwl7,bjorkanism
DangerousOwl7,Twitter
AjalahSyuhada,bjorkanism
AjalahSyuhada,Twitter
Raflythegreat,bjorkanism
inoysupertramp,bjorkanism
sekadarberujar,bjorkanism
oting5,bjorkanism
HilmanF04530234,Samirah8053
HilmanF04530234,bjorkanism
NasiNempelKaki,bjorkanism
coooolbooooyx,bjorkanism
SanjiGerma661,bjorkanism
blckrgr,bjorkanism
blckrgr,Twitter
aries_fasha,bjorkanism
aries_fasha,Twitter
sofiaflorina,bjorkanism
petra_william,jesayas8
rifky_pdn,darktracer_int
blackcuapcuap,elovegoodd
blackcuapcuap,opposite090l92
ambawanigelar,bjorkanism
tedy_bambang,bjorkanism
tedy_bambang,bjorkanism
tedy_bambang,bjorkanism
tedy_bambang,egoism666
Swordthatblink,bjorkanism
extezzzz,TimpalBali
zvlfans,bjorkanism
z_wedemboy,bjorkanism
siti_prima,bjorkanism
siti_prima,Twitter
kudisebelahmu,bjorkanism
hadnoone,bjorkanism
Putra_NKRI_01,bjorkanism
oooirrrm,bjorkanism
oooirrrm,Twitter
baanguta,bjorkanism
baanguta,Twitter
aam_abdul20,bjorkanism
jgnfoloracun,bjorkanism
Sugerindra1,bjorkanism
Sugerindra1,Twitter
Sugerindra1,Tan_Mar3M
Neko4636,bjorkanism
erwin61337818,bjorkanism
erwin61337818,Twitter
Amoureism,saintedoves
Narutookunnn,bjorkanism
Narutookunnn,Liga1Match
Narutookunnn,PSM_Makassar
AlfianNs26,elvinarta
AlfianNs26,bjorkanism
fitra_juanda,bjorkanism
harianacehcoid,harianacehcoid
Joena12271,bjorkanism
cutlossterus,bjorkanism
FaizKusuma12,bjorkanism
taeffehine,bjorkanism
drip_lerry,bjorkanism
drip_lerry,bjorkanism
drip_lerry,PlateJohnny
buIankeIima,bjorkanism
abacadabra2727,bjorkanism
xyrlyli,bjorkanism
1s2s2p3s3p4,bjorkanism
adhe_277,abu_waras
fauzanalimu,bjorkanism
AnandaJihad,kemkominfo
Bangdjey1,bjorkanism
adiristantoi,bjorkanism
imanmandalap,bjorkanism
varldsfreden,bjorkanism
ebelinfabio,bjorkanism
Decoel_14,bjorkanism
pnetz_official,bjorkanism
PrasetyoII7,bjorkanism
PrasetyoII7,bjorkanism
dialogicak,bjorkanism
urrusaai,bjorkanism
un_dreilukas,bjorkanism
gebeardiwinata,darktracer_int
gebeardiwinata,opposite090l92
gebeardiwinata,opposite090l92
gebeardiwinata,bjorkanism
gebeardiwinata,darktracer_int
Fahmiadita,idhamtwit
elvinarta,bjorkanism
AR_febriansyah,bjorkanism
JohnnyBGoode25,bjorkanism
perdanagilang11,bjorkanism
inisiialRrr,detikcom
Pemuda91243306,bjorkanism
Fariceritan,bjorkanism
Fariceritan,Twitter
hoalahmbaarmbar,bjorkanism
cumaberkoar,bjorkanism
anaknya_pakRT,bjorkanism
Felxz3,bjorkanism
cucanbali,bjorkanism
cucanbali,WinnerWave_
Adi92213111,bjorkanism
Cntalk_,xavierofficials
niksmile22,bjorkanism
BournAgainShell,bjorkanism
titondndn,bjorkanism
Seadweller12,bjorkanism
NelsonAbell1,bjorkanism
NelsonAbell1,Twitter
f_t_adhi,camilajenie
f_t_adhi,bjorka
Willy_Vaizard,bjorkanism
Willy_Vaizard,DiraPrajna
Willy_Vaizard,bjorkanism
SorosHerlan,bjorkanism
erikaryadin,bjorkanism
LT71669303,bjorkanism
LT71669303,Twitter
aldyudhaa,bjorkanism
aldyudhaa,mazzini_gsp
zairil_ilhami,bjorkanism
armen_zainal,bjorkanism
aldhifrhnd_,bjorkanism
aldhifrhnd_,Twitter
neronaichi,bjorkanism
neronaichi,Twitter
faelseptianda,solehots
fikrizaky,bjorkanism
zvbigwinox1,opposite090l92
zvbigwinox1,bjorkanism
zvbigwinox1,bjorkanism
zvbigwinox1,mickmattmurdock
zvbigwinox1,fliesdaisy
zvbigwinox1,bjorkanism
zvbigwinox1,egoism666
zvbigwinox1,bjorkanism
Helen_Kowalski,bjorkanism
Helen_Kowalski,bjorkanism
Helen_Kowalski,bjorkanism
kerrdrogba,hrdbacot
kerrdrogba,bjorkanism
kerrdrogba,bjorkanism
gilgilangss,bjorkanism
alif_dz08,bjorkanism
dhiradahni,bjorkanism
emilhalim42,bjorkanism
emilhalim42,_theguzel
darrelvondaniel,bjorkanism
yogarachmansyah,bjorkanism
yogarachmansyah,PlateJohnny
CaramelPolitics,bjorkanism
taufanfadhlil,bjorkanism
WahyuP42233959,bjorkanism
JefryAsdar1,bjorkanism
JefryAsdar1,Twitter
egaftr,bjorkanism
S1Bentar,opposite090l92
r4mz4n1,bjorkanism
imrontaqwa2,geloraco
RoyJunaedy,opposite090l92
akupangeranmuu,bjorkanism
PenjagaH4timu,bjorkanism
PenjagaH4timu,PlateJohnny
VickyR77264084,opposite090l92
VickyR77264084,bjorkanism
VickyR77264084,geloraco
agengwidodo82_,bjorkanism
ganosecteam01,DivHumas_Polri
ganosecteam01,BankBCA
ganosecteam01,kemkominfo
Rifai1320170077,opposite090l92
Rezakur11659882,bjorkanism
Fahreza73501240,bjorkanism
Fahreza73501240,Twitter
mimanyaruby,badsidecat
mimanyaruby,oorevoir
mimanyaruby,biem7
mimanyaruby,bjorkanism
_zharky,irhamudhayanaa
_zharky,bjorkanism
amaroel72,Rozzty5
amaroel72,fahri29292929
amaroel72,bjorkanism
irfnannt,bjorkanism
wizardoftheast,LadPsycho
Taslim_Tawanwad,mot_chie
0xKavindra,watchdogsgame
CAkakitiga,bjorkanism
Rapyourbale,bjorkanism
mhmmdfhm_,bjorkanism
molulmi,bjorkanism
dekoponchi75,Fio_1917
user465483161,bjorkanism
user465483161,Twitter
MilyaderBaik,fadlicuy
MilyaderBaik,whY_nYo
MilyaderBaik,darktracer_int
Hottbowls,geovedi
Metagonx,bjorkanism
svtunning,bjorkanism
svtunning,bjorkanism
chorzkie,SoundOfYogi
Indrovertt,bjorkanism
rafyliciouss,bjorkanism
parttimerant,Dzulqor7355608
apriwidif,bjorkanism
jancukinsky,bjorkanism
endien151109,MariaAlcaff
endien151109,Siajapul
endien151109,yanbudi110965
endien151109,anditenrimahrun
endien151109,annourcharity
endien151109,mulya4Wij4y4
endien151109,emprosay
endien151109,AjoAriSikumbang
endien151109,h4ng5eur
endien151109,RayiAlfian
ArdamAdy,bjorkanism
tegarhaikal_,bjorkanism
Pawiatno,bjorkanism
Pawiatno,Twitter
Manzal32758484,bjorkanism
Manzal32758484,Twitter
ggbdlprmn,bjorkanism
Reza_pung,bjorkanism
woodie273,bjorkanism
aputaswan,alpokatmentega
Saripin_fu,bjorkanism
MrBekalicky89,bjorkanism
katupVTEC1980,bjorkanism
katupVTEC1980,strike_bravo_b
Maru_graphic,bjorkanism
Maru_graphic,PlateJohnny
umarifbudd04,bjorkanism
INDONESIAPERKA2,EthicalHackID
INDONESIAPERKA2,AnonNewsIndo
ehmasdewa,ndagels
restupambudi24,bjorkanism
BrownSquirrel31,bjorkanism
gerilyawan02,abu_waras
Oze_NF,bjorkanism
qozwini22,bjorkanism
SyahrilTng,alisyarief
SyahrilTng,bjorkanism
SafryGALU,CNNIndonesia
domiinoooo12,bjorkanism
domiinoooo12,egoism666
adistyyytp,bjorkanism
RafifArga,bjorkanism
RafifArga,bjorkanism
taufikherma,bjorkanism
penamanapena,bjorkanism
NE_GAL1,bjorkanism
materai6k,bjorkanism
wimbara_s,OHMYV3NUS
sandychantyka,bjorkanism
basrol12,bjorkanism
thexlonewolf,bjorkanism
chetol_indiya,Rikma0
chetol_indiya,bjorkanism
opposite090l92,bjorkanism
Kicauma10833616,FreeHit9
brokebitch24,bjorkanism
Fajarrazor,bjorkanism
Fajarrazor,Twitter
Uzumaki97601499,bjorkanism
dank_ERZ,bjorkanism
dank_ERZ,Twitter
patricktaum,bjorkanism
patricktaum,Twitter
hadzafikri,bjorkanism
Donoindiano,bjorkanism
Donoindiano,DivHumas_Polri
Donoindiano,ListyoSigitP
Donoindiano,cnbcindonesia
Tepan24,bjorkanism
Tepan24,bjorkanism
RhadhityaOvick,opposite090l92
NandaGhufron2,darktracer_int
MinthikSet,bjorkanism
MinthikSet,bjorkanism
Sancaka12428538,bjorkanism
Hermwnnn,bjorkanism
Naj_wahab,bjorkanism
Naj_wahab,bjorka
vauzdoang,bjorkanism
ur_comrades,yo2thok
ur_comrades,bjorkanism
rohmatul_latif,bjorkanism
Ikhwanazis89,darktracer_int
nakaluarbiasa,Bajuri68612074
nakaluarbiasa,3Andalas
nakaluarbiasa,bjorkanism
DanyIrjayanto,opposite090l92
dinalkyu,bjorkanism
jokoci,bjorkanism
RadenW46,bjorkanism
RadenW46,SuherjatiSuher1
Onepiecemeister,bjorkanism
siskanramdan,bjorkanism
kifly_69,bjorkanism
peminjamduid,bjorkanism
DharWid,bjorkanism
suzzantuy,bjorkanism
Vin_smoker69,bjorkanism
imam__er,Fmazhar21
imam__er,bjorkanism
fkrkmil,bjorkanism
kebohejoreborn,bjorkanism
kebohejoreborn,akbaralfii
OseneraID,ngalamfess
juraganplankton,darktracer_int
dajjalludin,bjorkanism
yesmar_banu,bjorkanism
calungsutajaya,bjorkanism
f6A90f,bjorkanism
Edqbal,meringuesays
Edqbal,CNNIndonesia
Antoniusfebri1,detikcom
bong_tn,nuicemedia
whospurnama,bjorkanism
Aruugo,txtdrpemerintah
ZGintinting,opposite090l92
iniritno,bjorkanism
spidolwarnapink,bjorkanism
Arif05044117,bjorkanism
Arif05044117,bjorkanism
Raptorclaw000x,ImTechno_
kaulahimpianku,bjorkanism
kaulahimpianku,bjorkanism
kaulahimpianku,egoism666
kaulahimpianku,bjorkanism
kaulahimpianku,PlateJohnny
kaulahimpianku,bjorkanism
spermdit,isrite1
spermdit,TriAndry
spermdit,bjorkanism
ZedLeppelinn_,bjorkanism
altarlogika,pigshavew0n
kiflantristya,bjork
Lukman__Hakim,CNNIndonesia
davidd_txt,darktracer_int
AjoAriSikumbang,bjorkanism
bitterfvxk,bjorkanism
Muhamma25549435,bjorkanism
BuchroniK,VIVAcoid
isrite1,spermdit
isrite1,TriAndry
isrite1,bjorkanism
RakyatJatengs,txtdrpemerintah
andry_i29,bjorkanism
andry_i29,Twitter
VictorVanAllen,bjorkanism
zoelham2,bjorkanism
babunegara,bjorkanism
jetsilvers,bjorkanism
ReezMuhammad,bjorkanism
Bukansi28718825,bjorkanism
ftanxd,bjorkanism
Clazdude,bjorkanism
AndrianLatif2,bjorkanism
raditya_manda,bjorkanism
alpinnn,bjorkanism
alpinnn,PlateJohnny
ReinkarnasiRain,bjorkanism
ReinkarnasiRain,PlateJohnny
awxytvz,bjorkanism
tonysugiantono,detikcom
tonysugiantono,Tan_Mar3M
tonysugiantono,bjorkanism
tonysugiantono,PlateJohnny
ezrapardede,detikcom
hsymhsby,bjorkanism
siddiqwicak,ecommurz
valkyrie7650,bjorkanism
gituloh082,bjorkanism
ponbid,bjorkanism
gaberberr,bjorkanism
cikuwaaaaaa,bjorkanism
BachrulFuady,bjorkanism
hexafatiha,bjorkanism
egoism666,bjorkanism
mynameprada,budimandjatmiko
RyanGosting,bjorkanism
chwrrykiss,Askrlfess
aesteriagod,JISOOSUKOHARJ0
0r3oooo,SmgMenfess2
HadiantoBroer,bjorkanism
sarahhrotschild,bjorkanism
sarahhrotschild,zainbachmid
ekwlndrrr,aslinyaejak
ekwlndrrr,AisMR1
ekwlndrrr,xixixingakakkkk
ekwlndrrr,ndagels
ekwlndrrr,user384523
AlanHacktivist,bjorkanism
kalxetinxanax,bjorkanism
bg_syah24,bjorkanism
bg_syah24,PlateJohnny
okeenice_e,opposite090l92
keiyamada18,bjorkanism
stygiusarcania,Silverlines
fansyuriNEKO,darktracer_int
fansyuriNEKO,fullmoonfolks
fansyuriNEKO,eradotid
fansyuriNEKO,kemkominfo
fansyuriNEKO,PlateJohnny
fansyuriNEKO,SiBerkreasi
fansyuriNEKO,DitjenAptika
fansyuriNEKO,bebast_
fansyuriNEKO,PortalBdgTimur
coba55tebak,oafofham
coba55tebak,z_cesaaaaarrr
coba55tebak,darktracer_int
coba55tebak,QowiyyulAmin
coba55tebak,darktracer_int
coba55tebak,bnuratmaja
woodyinhow,bjorkanism
misterrwiggle,z_cesaaaaarrr
misterrwiggle,darktracer_int
PicuPiee,geloraco
PicuPiee,darktracer_int
alamsynho,memefess
naveweb,darktracer_int
azhar_adri,darktracer_int
theg1morouZe,MiiyaUwU_EN
nnn11kkss,bjorkanism
josiannisa,bjorkanism
NiamNurWafa3,txtdrpemerintah
Ezuka_ken,bjorkanism
salmawray,grsroots
salmawray,bjorkanism
ReformUSK,mohmahfudmd
aprilfolded,bjorkanism
aprilfolded,PlateJohnny
elleanor12,tvOneNews
elleanor12,darktracer_int
elleanor12,darktracer_int
mztommygun,bjorkanism
mztommygun,darktracer_int
somay52,CintaNK16061380
somay52,bjorkanism
Vark_jr,ArdhyCahyoD
catanisme,opposite090l92
0xGung,bjorkanism
0xGung,zainbachmid
fathandoreby,detikcom
fathandoreby,darktracer_int
PencidukHandal,opposite090l92
fizhionary,detikcom
WicaksanaWildan,darktracer_int
WicaksanaWildan,ndagels
callMBkill,3Andalas
callMBkill,bjorkanism
arynity,revolutia
mintydarlingr,aan__
submeridian,peppreoni
submeridian,darktracer_int
Andikasusilo512,bjorkanism
Andikasusilo512,PlateJohnny
lesterlest9876,darktracer_int
lesterlest9876,darktracer_int
arunariftan,bjorkanism
arunariftan,suka_tx
arunariftan,PlateJohnny
arunariftan,Dennysiregar7
arunariftan,_ekokuntadhi
arunariftan,ChusnulCh__
Arupala2,bjorkanism
afcaIan,darktracer_int
ferdyuno,bjorkanism
ferdyuno,PlateJohnny
AryaDemba,bjorkanism
DjokoPu1107,maspiyuaja
iwanalidarmawan,bjorkanism
Tibe121,ABC
Tibe121,UNHumanRights
Tibe121,Europarl_EN
yourardour,darktracer_int
yourardour,PolJokesID
HabibiWildann,bjorkanism
HabibiWildann,margrietje666
HabibiWildann,EZ4noid
Macuceng,bjorkanism
masnonk_,bjorkanism
aldeeach,yourescapeway
aldeeach,The_RedsIndo
buthogalaq,bjorkanism
diiiiiiyz,darktracer_int
FadliL98,darktracer_int
Leonidas666_,darktracer_int
durenmedan,bjorkanism
FabloChin_BVB,darktracer_int
MarvabluesF1,AstroPup819
GeraldSpencerJR,geloraco
abangrombay,bjorkanism
abangrombay,PlateJohnny
abangrombay,bjorka
ryuzen_namikaze,Fio_1917
StevenRianto,darktracer_int
NirmalaFirda,bjorkanism
KejarKerja,detikcom
QowiyyulAmin,darktracer_int
duuuuuuta,darktracer_int
Aezzzyyboy,darktracer_int
mevebumausaunep,darktracer_int
reallllalim,bjorkanism
reallllalim,PlateJohnny
PusNyangami,darktracer_int
patsufredo,g20org
HantSparrow,darktracer_int
iPhyM,mojokdotco
WiraYudi14,tvOneNews
irfanrbs,tvOneNews
Kutubukunikah,darktracer_int
caeesarroo,txtdrpemerintah
caeesarroo,RevolusiAkhlak2
caeesarroo,tvOneNews
nonoriii_,nuicemedia
al_mhiii,Dandhy_Laksono
Reynaldieldrago,fupie
Pigaway_ngeri,darktracer_int
Pigaway_ngeri,PNS_Ababil
PlungPlang,bobbacaramel
PlungPlang,mynY00ngi
PlungPlang,darktracer_int
Dimdoom_,txtdrpemerintah
CASHMANMCMXC,nuicemedia
CASHMANMCMXC,nuicemedia
CASHMANMCMXC,CNNIndonesia
JENDRALYONKOU,nessiejudge
JohnZuhri_,veartamaa
JohnZuhri_,bjorkanism
AntiKKN2,asadkhanorakzai
AntiKKN2,darktracer_int
Anonymous3id,Ndons_Back
Anonymous3id,AnonIndonesialy
lockeyforgers,darktracer_int
gwdetri,darktracer_int
Rendy27807864,RamliRizal
Rendy27807864,PlateJohnny
cndcrush,bjorkanism
ryuumajin,PlateJohnny
ryuumajin,kemkominfo
ansyaku,darktracer_int
MdLapan,bachrum_achmadi
Krypton1716,bjorkanism
GodikaGo,babangmasel
GodikaGo,chanjoeck
GodikaGo,lucaswong_jowo
GodikaGo,sailoreast
BramSlink,darktracer_int
rama_rahadhian,ndagels
farliaa,YourAnonCentral
LayerCrypto,tvOneNews
fajarsapuutra,Mich4elsch
fajarsapuutra,ralif1ar
fajarsapuutra,darktracer_int
awak_aw,opposite090l92
TArmaputra,darktracer_int
adnanfiz,darktracer_int
Muhammad_Adrian,kemkominfo
marsiagian,kemkominfo
ihdamawaddah,darktracer_int
comeoncodet,nuicemedia
miwwa,ghuw
YokaLast2,darktracer_int
J4ck_Pipp0,darktracer_int
jstwillians,Seal_D_Deal
rivaimuhamad,Maharanisaa_
rivaimuhamad,darktracer_int
Bagasisasi,brokenzuru
Bagasisasi,fchaerunisaa
Bagasisasi,fchaerunisaa
kudubalance,darktracer_int
kudubalance,bjorkanism
Itsmeoci24,darktracer_int
vugondes,bjorkanism
vugondes,darktracer_int
nightenough,darktracer_int
Dark_Vrince,darktracer_int
brokenzuru,Bagasisasi
brokenzuru,fchaerunisaa
Paiminoise,darktracer_int
Fathi_Rachman,darktracer_int
whalevelvet,darktracer_int
setriko_gosong,txtdrpemerintah
hudinibras,KompasTV
ronestiff,opposite090l92
kharemthegreat,otongkoil
shamelessbtlady,darktracer_int
GarrethMaudys,opposite090l92
lensky666,txtdrpemerintah
c_opini,bjorkanism
c_opini,bjorkanism
c_opini,darktracer_int
sadwiIIows,bjorkanism
sadwiIIows,darktracer_int
ohmybum11,txtdrpemerintah
MaliaAsdata,syaikh_syafiq
beersvault,khusete
beersvault,darktracer_int
arieftgh,darktracer_int
algol007,txtdrpemerintah
nurzahidnugi,darktracer_int
kamuwins,darktracer_int
herazader,txtdrpemerintah
setosugm,darktracer_int
Kangkungze,bjorkanism
gugigugaga,txtdrpemerintah
rizkymiff,darktracer_int
rizkymiff,Rachel02Ur1
rizkymiff,darktracer_int
DagelanRezim,bjorkanism
DagelanRezim,darktracer_int
CrazyBcauseofY,CNNIndonesia
hakimrihlah,darktracer_int
Popocat99,darktracer_int
bunc1s,darktracer_int
KeroVerse,darktracer_int
Fio_1917,darktracer_int
Redgerbil5,nuicemedia
qusukacumicumi,darktracer_int
i_nasution1,darktracer_int
i_nasution1,CIA
makanduludek,darktracer_int
notjustahope,KemensetnegRI
umbrellaman78,darktracer_int
buzzer2024,darktracer_int
_MadeInHeaven__,samartemaram
_MadeInHeaven__,antisontoloyo
_MadeInHeaven__,ApeAstronautz
thedanisaurs,darktracer_int
Oxwineverymonth,SahrudinSaja
Oxwineverymonth,darktracer_int
dmz_ers,darktracer_int
LorasMaxim,darktracer_int
isnthingmore,darktracer_int
NephiLaxmus,PlateJohnny
NephiLaxmus,kemkominfo
NephiLaxmus,BSSN_RI
tilehopper,aimrod
NdaraKaji,darktracer_int
asepkuma,nuicemedia
Deway_CR,darktracer_int
screwdible,nuicemedia
aden_sumarwoto,darktracer_int
txtdaridajal,darktracer_int
Dika76595557,darktracer_int
78JokBud,darktracer_int
Mirza_spega83,maspiyuaja
OtanRitsu,darktracer_int
William75874843,darktracer_int
radenteja,darktracer_int
Wahiid__A,darktracer_int
irwank2k2,darktracer_int
irwank2k2,Dublin2Eric
anfangerxyz,isl4micking
MogusBobus,darktracer_int
7912AceRosslyn,BSSN_RI
7912AceRosslyn,binofficial_ri
7912AceRosslyn,_TNIAU
7912AceRosslyn,jokowi
namriqifar,liputan6dotcom
SahrudinSaja,darktracer_int
pedang_manthili,darktracer_int
Areredsg1,memefess
Galata_1453,T_ayank
hm_zein,memefess
sketchyloti,TechmenID
get_lorem,darktracer_int
wichests,darktracer_int
z_cesaaaaarrr,darktracer_int
216juta,darktracer_int
bukalapar,darktracer_int
BogdanoffReal,darktracer_int
OllLebowski,darktracer_int
lotsoflauvs,darktracer_int
AlteriaKlitoris,Eneroisbulking
is_froster,darktracer_int
is_froster,TechmenID
i_setyawans,darktracer_int
small_MOFO,darktracer_int
dadungski,darktracer_int
IbnErry,maspiyuaja
Maharanisaa_,darktracer_int
adiredja_,CNNIndonesia
r3y3nx,CNNIndonesia
present_cont,tatakhoiriyah
Iljamff,tatakhoiriyah
annourcharity,RamliRizal
annourcharity,susipudjiastuti
annourcharity,ReflyHZ
annourcharity,rockygerung_rg
annourcharity,DonAdam68
annourcharity,fahiraidris
annourcharity,msaid_didu
annourcharity,panca66
annourcharity,alisyarief
Buatmaenaja1,RevolusiAkhlak2
Buatmaenaja1,tvOneNews
savci_bey12,KeturunanWIB
vactXhine_20,CNNIndonesia
abuhakimjasmine,CNNIndonesia
Pak_De_Twiter,inilahdotcom
onlymernella,VIVAcoid
didikw,darktracer_int
loksado_river,detikcom
TetehHany,PanciB0zz
HologramQBKB,bjorkspears
danielptambunan,ecommurz
teoyota,CNNIndonesia
Ranunuuran_,kemkominfo
Jh12368100376,andihiyat
baksslah,kemkominfo
Louishur,zoelfism
Louishur,darktracer_int
Louishur,maniakpolitik
Louishur,zhafara88
Louishur,darktracer_int
Louishur,27rafaell
Louishur,aazissi
Louishur,darktracer_int
Louishur,darktracer_int
Louishur,aazissi
Louishur,darktracer_int
Louishur,joddyalajib
Louishur,darktracer_int
ratnaiskana20,kompascom
iyammoemar,kemkominfo
granada49,bjorkspears
granada49,nogaysosweet
granada49,bjorkspears
granada49,bjorkspears
granada49,bjorkspears
dawneight,CNNIndonesia
TheTechOutlook,TheTechOutlook
caacaa_06,tvindonesiawkwk
elsmegi,ecommurz
AnimexSlayer69,PolJokesID
gah_25,ecommurz
P95358267,Cyberknow20
SyaifulMubarok8,Heraloebss
johanhimself,xathrya
johanhimself,kominfo
GALJARO,TechmenID
agusset1awan,geovedi
frdailyn,jogjamnfs
